seed,goal_type,max_fingertip_error,finger_distance_ff,finger_distance_mf,finger_distance_rf,finger_distance_lf,finger_distance_th,action_mean_abs,action_saturation_fraction,episode_return,episode_length,success_any,success_final,success_fraction,time_to_first_success,min_goal_distance,final_goal_distance,timesteps
201,thumb_finger_meet,0.055743794587961484,0.03592969758418841,0.03650838822607275,0.02822980129515762,0.055743794587961484,0.048895179443448115,0.03770051151514053,0.0,-4.656179397733783,50,False,False,0.0,,0.08166721031525587,0.09443959163609719,50000
202,thumb_finger_meet,0.055746153952569,0.03831770680588497,0.0322593072105506,0.02823681423676191,0.055746153952569,0.051296391415513544,0.03780091181397438,0.0,-4.7093593056060765,50,False,False,0.0,,0.08618669952859599,0.0951061548353467,50000
203,thumb_finger_meet,0.06249940715456847,0.03590698308200708,0.05329385091401387,0.02821027132074752,0.05572374442452286,0.06249940715456847,0.03773128241300583,0.0,-5.412695215051805,50,False,False,0.0,,0.10129830502422991,0.1092551004514157,50000
204,initial_hold,0.05583882242851642,0.03604549207420298,0.03236760971052718,0.02832286518709316,0.05583882242851642,0.008004847402848566,0.03755006939172745,0.0,-3.8169459172978217,50,False,False,0.0,,0.017850815332976316,0.07956868744548308,50000
205,thumb_finger_meet,0.07066348768765776,0.035943559264285295,0.03224106361586671,0.05694848408405147,0.05572650502539283,0.07066348768765776,0.037835411727428436,0.0,-5.789684229603626,50,False,False,0.0,,0.10596736544527253,0.11693300359465632,50000
206,thumb_finger_meet,0.06201045423233422,0.035963026139929764,0.0322651992619547,0.059763866387951795,0.05574741619397718,0.06201045423233422,0.03778219595551491,0.0,-5.607286737431174,50,False,False,0.0,,0.10140556678065683,0.1133982932173002,50000
207,thumb_finger_meet,0.055748965559406165,0.04358784889526747,0.03226373377788,0.028239279743822066,0.055748965559406165,0.050491172466509776,0.03779559209942818,0.0,-4.803491030189856,50,False,False,0.0,,0.08862065465076414,0.09693096340717508,50000
208,thumb_finger_meet,0.05035793441579643,0.036043051944554046,0.03231790955578677,0.028290959786721328,0.03365666997596499,0.05035793441579643,0.037645284086465836,0.0,-4.160108081433603,50,False,False,0.0,,0.08253859866562066,0.08253859866562066,50000
209,thumb_finger_meet,0.055764978623359385,0.035977836000292106,0.03228709758579011,0.04933185549991129,0.055764978623359385,0.05242368591915441,0.037737321108579636,0.0,-5.081265300609594,50,False,False,0.0,,0.0880999008789033,0.10309446642306391,50000
210,initial_hold,0.05583882242851642,0.03604549207420298,0.03236760971052718,0.02832286518709316,0.05583882242851642,0.008004847402848566,0.03755006939172745,0.0,-3.8169459172978217,50,False,False,0.0,,0.017850815332976316,0.07956868744548308,50000
201,thumb_finger_meet,0.04940905027107651,0.025311385505931806,0.04682241168092582,0.015104739623105821,0.04183590890062515,0.04940905027107651,0.07819829136133194,0.0,-4.214018930476941,50,False,False,0.0,,0.08038258966419706,0.08516252199859388,100000
202,thumb_finger_meet,0.05212635828953143,0.04735597811540988,0.019646553863338814,0.015114946171413833,0.04184748497034781,0.05212635828953143,0.0782754197716713,0.0,-4.259955833735485,50,False,False,0.0,,0.08319092144876818,0.08558858899765248,100000
203,thumb_finger_meet,0.06461670181320718,0.025273183711237962,0.06461670181320718,0.015071683350889192,0.04179751195999889,0.06413910694939716,0.0782867893576622,0.0,-5.182044166357451,50,False,False,0.0,,0.1003209778536288,0.10441295251768741,100000
204,initial_hold,0.04201273239558292,0.025471601708181635,0.019766032754412757,0.015246954606921308,0.04201273239558292,0.011088588136221853,0.0778084248304367,0.0,-2.684462357474785,50,False,False,0.0,,0.013038914540230267,0.05621382960990917,100000
205,thumb_finger_meet,0.0713593300226303,0.025332913090017995,0.019579312996130315,0.0677334006986691,0.04177079383737912,0.0713593300226303,0.07837901264429092,0.0,-5.53031802573165,50,False,False,0.0,,0.10556869353908704,0.11157899781014706,100000
206,thumb_finger_meet,0.07006065179995419,0.025354620313823125,0.019606591783304667,0.07006065179995419,0.04180786232156485,0.06319361623870627,0.07828579843044281,0.0,-5.347627809924903,50,False,False,0.0,,0.10111528464425415,0.10806063403697717,100000
207,thumb_finger_meet,0.05212664942375009,0.05212664942375009,0.019643816402373806,0.015115433622817146,0.04185066933543201,0.05153279819292893,0.07827470451593399,0.0,-4.380208762607553,50,False,False,0.0,,0.08562066734573802,0.08796960412562578,100000
208,thumb_finger_meet,0.05194890731495978,0.025427138890179793,0.019675666921994534,0.01517616071718718,0.04060607814612371,0.05194890731495978,0.07812617719173431,0.0,-3.8119307965664313,50,False,False,0.0,,0.07488434960089847,0.07491014396399893,100000
209,thumb_finger_meet,0.05900242208780586,0.02537313544068686,0.01964052238983651,0.05900242208780586,0.04184296976637137,0.053208447397726476,0.07819411903619766,0.0,-4.707221433668235,50,False,False,0.0,,0.08733308840880509,0.09535620025677828,100000
210,initial_hold,0.04201273239558292,0.025471601708181635,0.019766032754412757,0.015246954606921308,0.04201273239558292,0.011088588136221853,0.0778084248304367,0.0,-2.684462357474785,50,False,False,0.0,,0.013038914540230267,0.05621382960990917,100000
201,thumb_finger_meet,0.05104857896799263,0.019641771462914747,0.05104857896799263,0.009688853013702798,0.030869332420048665,0.04588240949057578,0.10968746989965439,0.0,-3.89123129945189,50,False,False,0.0,,0.07602599866830244,0.07838202382111752,150000
202,thumb_finger_meet,0.05459058389903388,0.05459058389903388,0.016296774148142935,0.009707785671957623,0.030889686829780546,0.048969009658793326,0.10970793664455414,0.0,-4.072694548922602,50,False,False,0.0,,0.07973423638304648,0.08180522269470707,150000
203,thumb_finger_meet,0.06874619687304546,0.01961091145963943,0.06874619687304546,0.009660118871952398,0.03083549854168011,0.06158648743161504,0.10978201031684875,0.0,-4.963371986287744,50,False,False,0.0,,0.09726618672412546,0.09973800045060072,150000
204,initial_hold,0.031057634503860707,0.019773121150486364,0.01639553529994612,0.009798230964548302,0.031057634503860707,0.01700608582927026,0.10927689075469971,0.0,-2.109544001641586,50,False,False,0.0,,0.010667873480197283,0.04482832635785246,150000
205,thumb_finger_meet,0.07454889695199485,0.01965656210706663,0.01621615514029939,0.07454889695199485,0.030757568068652524,0.06820906703923779,0.1099829375743866,0.0,-5.365323958103815,50,False,False,0.0,,0.10397384923025084,0.10865259765888435,150000
206,thumb_finger_meet,0.07691969643343145,0.019674161960758295,0.016238855664828102,0.07691969643343145,0.030796821718019247,0.06051958403178221,0.10987459123134613,0.0,-5.209310417058452,50,False,False,0.0,,0.09999988718233706,0.10572831721390408,150000
207,thumb_finger_meet,0.059328235108890744,0.059328235108890744,0.01629641984309191,0.00970941638128849,0.030899286662099415,0.04889199900538474,0.10969476401805878,0.0,-4.230824123929317,50,False,False,0.0,,0.08290476544446593,0.08499928841038909,150000
208,thumb_finger_meet,0.0507293355866722,0.019726637459593025,0.016331215655088292,0.009734738901570911,0.0507293355866722,0.04926835310614857,0.10963454097509384,0.0,-3.889437297286763,50,False,False,0.0,,0.0758383153727344,0.0758383153727344,150000
209,thumb_finger_meet,0.06588340026719061,0.019690280027549398,0.016270674968088546,0.06588340026719061,0.030833260880300663,0.04991929344265083,0.10975337773561478,0.0,-4.511807857790835,50,False,False,0.0,,0.08608353867297437,0.09184601383061493,150000
210,initial_hold,0.031057634503860707,0.019773121150486364,0.01639553529994612,0.009798230964548302,0.031057634503860707,0.01700608582927026,0.10927689075469971,0.0,-2.109544001641586,50,False,False,0.0,,0.010667873480197283,0.04482832635785246,150000
201,thumb_finger_meet,0.05118564825469852,0.01686354787938477,0.05118564825469852,0.007492565645969156,0.02632587011096306,0.04235560585381367,0.12853968143463135,0.0,-3.6803527577740853,50,False,False,0.0,,0.07228082321386133,0.0738074329497788,200000
202,thumb_finger_meet,0.057266079836034954,0.057266079836034954,0.015578016340616403,0.007496298208438076,0.026373113195083772,0.04546652983825311,0.1286448836326599,0.0,-3.9770854853788586,50,False,False,0.0,,0.07842331612818526,0.07963051811246072,200000
203,thumb_finger_meet,0.06902683985335768,0.016835930310135132,0.06902683985335768,0.007466615166433075,0.026296272562397034,0.05814114120156066,0.1286427527666092,0.0,-4.780025572810116,50,False,False,0.0,,0.09395403399493342,0.09579034274126026,200000
204,initial_hold,0.026515543085282763,0.01699733979169915,0.015692211254111837,0.007589606936284117,0.026515543085282763,0.018795020771417346,0.12809857726097107,0.0,-1.9221581186664662,50,True,False,0.02,1.0,0.009962431928523056,0.04060891550375289,200000
205,thumb_finger_meet,0.07551509410564233,0.016906519061145816,0.015477361000139378,0.07551509410564233,0.02616404115921642,0.06491647255188394,0.1288188099861145,0.0,-5.202642267148891,50,False,False,0.0,,0.10164222439824118,0.10548276630065316,200000
206,thumb_finger_meet,0.07763808695200033,0.016927178388100202,0.015504863170459186,0.07763808695200033,0.02619954486804502,0.05721941403729247,0.1286979615688324,0.0,-5.046344953186676,50,False,False,0.0,,0.09804120602797863,0.10254306504950689,200000
207,thumb_finger_meet,0.06186211859407473,0.06186211859407473,0.015581063686981122,0.0074991950991145535,0.026380496885709065,0.045617600069937064,0.12863804399967194,0.0,-4.147840896475825,50,False,False,0.0,,0.08186979627302811,0.08308324284581903,200000
208,thumb_finger_meet,0.05523903637142565,0.01694321702129525,0.015606395197255115,0.007544591158788748,0.05523903637142565,0.04567950023855509,0.12841486930847168,0.0,-3.8796074393141016,50,False,False,0.0,,0.07566717195141319,0.07566717195141319,200000
209,thumb_finger_meet,0.06636202135481499,0.016934825180830778,0.01554401063276689,0.06636202135481499,0.026238711268078606,0.04638781104907136,0.12857523560523987,0.0,-4.32693387800814,50,False,False,0.0,,0.08399373162396377,0.08816247178753403,200000
210,initial_hold,0.026515543085282763,0.01699733979169915,0.015692211254111837,0.007589606936284117,0.026515543085282763,0.018795020771417346,0.12809857726097107,0.0,-1.9221581186664662,50,True,False,0.02,1.0,0.009962431928523056,0.04060891550375289,200000
201,thumb_finger_meet,0.04791182670987732,0.016612071349575822,0.04791182670987732,0.009879492748548616,0.024045616175653508,0.0361603995820875,0.13729549944400787,0.0,-3.3966296334258956,50,False,False,0.0,,0.06698860692926446,0.06748981097449022,250000
202,thumb_finger_meet,0.05756820643198053,0.05756820643198053,0.019073759063443083,0.009897415054870119,0.024087654606729795,0.03964107545238104,0.13737884163856506,0.0,-3.8611872205122797,50,False,False,0.0,,0.0766016962878862,0.076990229697334,250000
203,thumb_finger_meet,0.06557431500178813,0.016570729816732722,0.06557431500178813,0.009825897636844709,0.02403151298270017,0.052800269032199795,0.1374603658914566,0.0,-4.501181216891573,50,False,False,0.0,,0.08892027960882266,0.089646584793248,250000
204,initial_hold,0.025558439960696365,0.0167987180443768,0.019223891352460193,0.010063863231531953,0.024228917176679247,0.025558439960696365,0.1366807371377945,0.0,-2.147047399248194,50,False,False,0.0,,0.011212341983527212,0.04464650658884241,250000
205,thumb_finger_meet,0.0727017707212863,0.016679809113062456,0.01899961294349045,0.0727017707212863,0.02379989194457978,0.059078545614890225,0.13753576576709747,0.0,-4.978498933483238,50,False,False,0.0,,0.09879712033591684,0.09990724797833973,250000
206,thumb_finger_meet,0.07486529619139207,0.016704892833960094,0.019020088541792216,0.07486529619139207,0.023822043104254623,0.05183981986667137,0.1374032348394394,0.0,-4.84838877214043,50,False,False,0.0,,0.09569631978878086,0.09747043884186873,250000
207,thumb_finger_meet,0.06225388451389743,0.06225388451389743,0.01907867609415158,0.009901715807642571,0.024101324869841994,0.04051088810010059,0.13737252354621887,0.0,-4.057213439047907,50,False,False,0.0,,0.08048694974828224,0.08099130761786158,250000
208,thumb_finger_meet,0.05800300592602796,0.016688675195536715,0.01913072442445499,0.00981849574275332,0.05800300592602796,0.04018388148078762,0.13714252412319183,0.0,-3.846461101147202,50,False,False,0.0,,0.07563063124656469,0.07563063124656469,250000
209,thumb_finger_meet,0.06363472623833755,0.016714475581338862,0.01905800170983639,0.06363472623833755,0.02386204880394832,0.04031710205619026,0.13725638389587402,0.0,-4.12519238184144,50,False,False,0.0,,0.08155780794484471,0.08298690015834269,250000
210,initial_hold,0.025558439960696365,0.0167987180443768,0.019223891352460193,0.010063863231531953,0.024228917176679247,0.025558439960696365,0.1366807371377945,0.0,-2.147047399248194,50,False,False,0.0,,0.011212341983527212,0.04464650658884241,250000
201,thumb_finger_meet,0.04499502862981717,0.020022392814689826,0.04499502862981717,0.014100583054866889,0.023761582393588367,0.028362954784020553,0.14898933470249176,0.0,-3.202022451079837,50,False,False,0.0,,0.06316941444197761,0.06319292096302158,300000
202,thumb_finger_meet,0.053255065938113154,0.053255065938113154,0.0228415076719952,0.014089987094396688,0.023750815271960348,0.031839376503615895,0.1491153985261917,0.0,-3.6089060833806963,50,False,False,0.0,,0.07135850903565723,0.0716534114982996,300000
203,thumb_finger_meet,0.062372974033897445,0.019970598923110334,0.062372974033897445,0.014048070633666289,0.023727928094253777,0.04470471589473062,0.14919061958789825,0.0,-4.236128509715682,50,False,False,0.0,,0.08369272517698124,0.08395288675551375,300000
204,initial_hold,0.03039876299661832,0.020266331608682804,0.023018617458949068,0.01435233626290657,0.023944436784457707,0.03039876299661832,0.14828254282474518,0.0,-2.4915322846978523,50,False,False,0.0,,0.012749819481325635,0.05141975639233947,300000
205,thumb_finger_meet,0.06929927431604128,0.020117053013216778,0.02279782597318415,0.06929927431604128,0.023704094825766645,0.05174026839078594,0.14914175868034363,0.0,-4.737715159720761,50,False,False,0.0,,0.09383009109737811,0.0946877267465515,300000
206,thumb_finger_meet,0.0715492766576703,0.020143941822143782,0.022820641124949127,0.0715492766576703,0.023735985197504722,0.044282813359637775,0.14900332689285278,0.0,-4.624466412257333,50,False,False,0.0,,0.09161834253774648,0.09257550213779106,300000
207,thumb_finger_meet,0.058079647630044605,0.058079647630044605,0.022840630540687037,0.01409193940560257,0.02374861885548746,0.033236503851581486,0.1491268277168274,0.0,-3.8176075689941276,50,False,False,0.0,,0.07555221775077821,0.07590905554910357,300000
208,thumb_finger_meet,0.05944147545171174,0.020114500532702015,0.022890735663315877,0.014178844849845659,0.05944147545171174,0.03177615738653093,0.14869800209999084,0.0,-3.8041412350971022,50,False,False,0.0,,0.07529471616646474,0.07531687549476478,300000
209,thumb_finger_meet,0.06033765402923512,0.020153042519294267,0.022862569606917526,0.06033765402923512,0.023769320134215965,0.03238996866344865,0.14884762465953827,0.0,-3.9291011822142274,50,False,False,0.0,,0.07786486733994075,0.07863564939154082,300000
210,initial_hold,0.03039876299661832,0.020266331608682804,0.023018617458949068,0.01435233626290657,0.023944436784457707,0.03039876299661832,0.14828254282474518,0.0,-2.4915322846978523,50,False,False,0.0,,0.012749819481325635,0.05141975639233947,300000
201,thumb_finger_meet,0.049355745972455206,0.01614692803131126,0.049355745972455206,0.009673880462483521,0.018438177217486643,0.02703026145429805,0.1636568009853363,0.0,-3.1418156287208667,50,False,False,0.0,,0.061489213907474354,0.06213612734906681,350000
202,thumb_finger_meet,0.05728496386590033,0.05728496386590033,0.01715697109852387,0.00959445778634903,0.018380271788818493,0.030953541013095966,0.16384544968605042,0.0,-3.5349921301214664,50,False,False,0.0,,0.06851660888718117,0.07045522304902153,350000
203,thumb_finger_meet,0.0671906445408672,0.016102950511863504,0.0671906445408672,0.00962805136083193,0.01840593335459794,0.04444294910001588,0.16389596462249756,0.0,-4.255615246200968,50,False,False,0.0,,0.08290990196674468,0.08473807414245389,350000
204,initial_hold,0.033932800896307916,0.016324972594384354,0.017364751761928688,0.009824419749972047,0.018581913691416485,0.033932800896307916,0.16283288598060608,0.0,-2.27499625303489,50,False,False,0.0,,0.011714823858300593,0.04648958002056131,350000
205,thumb_finger_meet,0.07265875976500308,0.01622026281382046,0.01716426679925652,0.07265875976500308,0.01838119580105418,0.05021321410158768,0.1637357920408249,0.0,-4.664928672802829,50,False,False,0.0,,0.09206954974807767,0.09325363038821852,350000
206,thumb_finger_meet,0.07478426446561014,0.01624196049546019,0.017195606542991477,0.07478426446561014,0.018415765758407362,0.04352140742551364,0.16355861723423004,0.0,-4.571025395964236,50,False,False,0.0,,0.08988146277739299,0.09157199194920826,350000
207,thumb_finger_meet,0.061696051416359886,0.061696051416359886,0.017166224163139662,0.00959584108787833,0.018385631579975185,0.03267463943311728,0.16385160386562347,0.0,-3.749443114884417,50,False,False,0.0,,0.07279160034632534,0.07482530113037902,350000
208,thumb_finger_meet,0.06266613563803476,0.016190101905251407,0.017159925960518258,0.009623275618154759,0.06266613563803476,0.032039515555521744,0.16350746154785156,0.0,-3.7755568818772,50,False,False,0.0,,0.07467413356065764,0.07485161992323851,350000
209,thumb_finger_meet,0.06358922839611209,0.016252336354015934,0.017234700563462903,0.06358922839611209,0.018449870350567988,0.031377698485572814,0.16337764263153076,0.0,-3.848207298230121,50,False,False,0.0,,0.07607793709644986,0.0770046815894559,350000
210,initial_hold,0.033932800896307916,0.016324972594384354,0.017364751761928688,0.009824419749972047,0.018581913691416485,0.033932800896307916,0.16283288598060608,0.0,-2.27499625303489,50,False,False,0.0,,0.011714823858300593,0.04648958002056131,350000
201,thumb_finger_meet,0.049588308907241856,0.016047486875304776,0.049588308907241856,0.010775910580355689,0.019398160442371887,0.02306151469201415,0.16364948451519012,0.0,-3.1067264049414773,50,False,False,0.0,,0.06091364584880458,0.06116178997190099,400000
202,thumb_finger_meet,0.057421892156885174,0.057421892156885174,0.016882968237070303,0.010726407468355407,0.019384928668692805,0.026927926508738095,0.16384759545326233,0.0,-3.483441072629746,50,False,False,0.0,,0.06832900951672838,0.06926942195585563,400000
203,thumb_finger_meet,0.06742694895621344,0.016001748767246377,0.06742694895621344,0.010734933536413046,0.01937208465510376,0.04029446712144768,0.16384905576705933,0.0,-4.186339130415641,50,False,False,0.0,,0.0819693433421764,0.08316615869252965,400000
204,initial_hold,0.036101847083607315,0.01625166241323986,0.017089404729579243,0.01094882033934643,0.019546160545986162,0.036101847083607315,0.1628691554069519,0.0,-2.3853794956792904,50,False,False,0.0,,0.012287678371491391,0.04859461602859103,400000
205,thumb_finger_meet,0.07148133574348639,0.016126906045229334,0.016914405105014296,0.07148133574348639,0.019381699510048395,0.04652007309193151,0.16378314793109894,0.0,-4.536046425012135,50,False,False,0.0,,0.08957325262253002,0.09052912810083655,400000
206,thumb_finger_meet,0.0736463461839152,0.016149673651447625,0.01694396973918993,0.0736463461839152,0.0194151447070173,0.03963055093877721,0.16363050043582916,0.0,-4.446559287489018,50,False,False,0.0,,0.08768756894976333,0.08899001510010751,400000
207,thumb_finger_meet,0.061763572981037025,0.061763572981037025,0.01689117297054289,0.010724334300884568,0.01938587858880528,0.028958376405027603,0.16385100781917572,0.0,-3.698378818617344,50,False,False,0.0,,0.07253516244522243,0.07368488223901137,400000
208,thumb_finger_meet,0.0615671764671696,0.016107128040995983,0.016872047333927193,0.010743349156370941,0.0615671764671696,0.0276791862315154,0.1633390486240387,0.0,-3.645902766615796,50,False,False,0.0,,0.07182367771653546,0.07222312423761194,400000
209,thumb_finger_meet,0.06250237169377382,0.01615841769587137,0.016975706395009185,0.06250237169377382,0.01944218035057709,0.027281385061461376,0.16347737610340118,0.0,-3.738428328767811,50,False,False,0.0,,0.07381151653036529,0.07468659776055245,400000
210,initial_hold,0.036101847083607315,0.01625166241323986,0.017089404729579243,0.01094882033934643,0.019546160545986162,0.036101847083607315,0.1628691554069519,0.0,-2.3853794956792904,50,False,False,0.0,,0.012287678371491391,0.04859461602859103,400000
201,thumb_finger_meet,0.05353025507389339,0.01386766103673984,0.05353025507389339,0.018124603504684082,0.011411674086192885,0.019604631389872455,0.1798897683620453,0.0,-3.1167989924202315,50,False,False,0.0,,0.060166586386432006,0.062456940050648224,450000
202,thumb_finger_meet,0.06106743270623854,0.06106743270623854,0.012679322439095487,0.01644451678697826,0.011156587667651553,0.023654506457757768,0.18025393784046173,0.0,-3.4678535078559802,50,False,False,0.0,,0.0666338263824198,0.06960189517066924,450000
203,thumb_finger_meet,0.07160965714983415,0.01383723787040183,0.07160965714983415,0.018241986563607055,0.011462480284086623,0.03734870788107698,0.18009811639785767,0.0,-4.219433889327199,50,False,False,0.0,,0.08153291128499353,0.08472600933264113,450000
204,initial_hold,0.03989173210746123,0.013997055894423826,0.012894093839407473,0.017096982467866832,0.011238120228609424,0.03989173210746123,0.17908044159412384,0.0,-2.3502251068286024,50,False,False,0.0,,0.01212059194989927,0.04870449338576216,450000
205,thumb_finger_meet,0.06359792334619373,0.013898833481545173,0.012683035236841918,0.06359792334619373,0.011837203725329102,0.04302104781605853,0.18016204237937927,0.0,-4.175697953425886,50,False,False,0.0,,0.0799353661162665,0.0799353661162665,450000
206,thumb_finger_meet,0.06623850823072165,0.013911591744513528,0.012711277895250159,0.06623850823072165,0.01178925891004538,0.03655648493153774,0.17998239398002625,0.0,-4.1048143292333465,50,False,False,0.0,,0.07885437311541765,0.07885437311541765,450000
207,thumb_finger_meet,0.06525198296079081,0.06525198296079081,0.012691256799802387,0.01631654050812615,0.011160718005231662,0.02616191090572879,0.18026602268218994,0.0,-3.6895121339064607,50,False,False,0.0,,0.07083518682717103,0.07412237167184263,450000
208,thumb_finger_meet,0.06975991945696133,0.013864405784327384,0.012686952513602448,0.015013912303860164,0.06975991945696133,0.024942982200576634,0.17970813810825348,0.0,-3.8280433132175262,50,False,False,0.0,,0.07321980005847434,0.07789221269294455,450000
209,thumb_finger_meet,0.055941627397918615,0.01392076694576366,0.012745145200541057,0.055941627397918615,0.011704774841664673,0.023954076357924233,0.17978525161743164,0.0,-3.3963592271362755,50,False,False,0.0,,0.0647803340738841,0.0647803340738841,450000
210,initial_hold,0.03989173210746123,0.013997055894423826,0.012894093839407473,0.017096982467866832,0.011238120228609424,0.03989173210746123,0.17908044159412384,0.0,-2.3502251068286024,50,False,False,0.0,,0.01212059194989927,0.04870449338576216,450000
201,thumb_finger_meet,0.04916879808758236,0.012032521429078319,0.04916879808758236,0.02268786789379801,0.015422874000468526,0.013545865788284518,0.1832858920097351,0.0,-2.9680678560658853,50,False,False,0.0,,0.056245745393244825,0.059147672391004935,500000
202,thumb_finger_meet,0.0619326671119986,0.0619326671119986,0.01678524235137985,0.02268250340978913,0.015385162116080296,0.017667066870009414,0.1835193783044815,0.0,-3.5861591324356827,50,False,False,0.0,,0.06904925193346051,0.07197724669965322,500000
203,thumb_finger_meet,0.06714785707837169,0.01199088049909282,0.06714785707837169,0.02265323320298127,0.015407876243943219,0.03116977261819672,0.1834833025932312,0.0,-3.9948698419481916,50,False,False,0.0,,0.07616110235287012,0.07984198316254654,500000
204,initial_hold,0.0441955749075202,0.012215967002540415,0.016973124297229025,0.022854297677572678,0.015529503704865463,0.0441955749075202,0.18249520659446716,0.0,-2.7023279878096225,50,False,False,0.0,,0.013845754074169176,0.05616092990039522,500000
205,thumb_finger_meet,0.05954916140106095,0.012077836392785013,0.016873265015297234,0.05954916140106095,0.015447260834368374,0.03723034887217913,0.1835399717092514,0.0,-3.8481949687366197,50,False,False,0.0,,0.0748276112598837,0.07484250511711994,500000
206,thumb_finger_meet,0.06216467905801826,0.012095647730584327,0.016894443372768738,0.06216467905801826,0.01546747968445854,0.030638538098083607,0.18337513506412506,0.0,-3.7880200765530696,50,False,False,0.0,,0.07392071741285511,0.07398741229331751,500000
207,thumb_finger_meet,0.06622377851986108,0.06622377851986108,0.016798164875353707,0.02268615346524226,0.015382843975012233,0.02086992132641841,0.1835310459136963,0.0,-3.80713893586251,50,False,False,0.0,,0.07317554334981062,0.07651545104491098,500000
208,thumb_finger_meet,0.06746738497772543,0.01206215725518253,0.01674526822155572,0.022745832578723358,0.06746738497772543,0.018711910281485947,0.18300007283687592,0.0,-3.819433963207423,50,False,False,0.0,,0.07360913760924422,0.07645427500980505,500000
209,thumb_finger_meet,0.0519095590790821,0.012108975235225094,0.016910467021793992,0.0519095590790821,0.015482733306171559,0.01772560230995536,0.1831909418106079,0.0,-3.1190700865421284,50,False,False,0.0,,0.06054583538800194,0.06067211474646257,500000
210,initial_hold,0.0441955749075202,0.012215967002540415,0.016973124297229025,0.022854297677572678,0.015529503704865463,0.0441955749075202,0.18249520659446716,0.0,-2.7023279878096225,50,False,False,0.0,,0.013845754074169176,0.05616092990039522,500000
201,thumb_finger_meet,0.05100711859702742,0.012558484530888547,0.05100711859702742,0.021072224222260818,0.014009775538319932,0.01191802308442842,0.18878406286239624,0.0,-2.962994281450367,50,False,False,0.0,,0.05584495114660732,0.059512968333230526,550000
202,thumb_finger_meet,0.0627306484806823,0.0627306484806823,0.014732995262561829,0.02105300227471546,0.013947431806418357,0.016190121702015052,0.18911705911159515,0.0,-3.5323183826131683,50,False,False,0.0,,0.06813378787384333,0.07107795162857129,550000
203,thumb_finger_meet,0.06917780907292474,0.012532757305305937,0.06917780907292474,0.021044231571429286,0.014007702137785566,0.030041940386176455,0.18896038830280304,0.0,-4.010622662593241,50,False,False,0.0,,0.07629596998991997,0.08052473444590283,550000
204,initial_hold,0.046178550242787324,0.01266092289545131,0.014903246198503441,0.02121096455763604,0.014056737694876004,0.046178550242787324,0.18804152309894562,0.0,-2.693448198651845,50,False,False,0.0,,0.013797298204840444,0.0562348745035609,550000
205,thumb_finger_meet,0.06179652459134129,0.012602402128662715,0.01477682070767951,0.06179652459134129,0.014005940664591028,0.035191266204874255,0.1889709234237671,0.0,-3.849663602641792,50,False,False,0.0,,0.075037170870243,0.075037170870243,550000
206,thumb_finger_meet,0.06429568747253148,0.012608076160875146,0.014793158055607549,0.06429568747253148,0.014013778255866591,0.029033631814999405,0.18881481885910034,0.0,-3.8039223134596445,50,False,False,0.0,,0.07450553197364342,0.07450553197364342,550000
207,thumb_finger_meet,0.06681318698483298,0.06681318698483298,0.014744973990801786,0.02105651196820189,0.013941413831547832,0.019470073197998927,0.1891021877527237,0.0,-3.74774624458772,50,False,False,0.0,,0.07220516900947756,0.07548668544375634,550000
208,thumb_finger_meet,0.06931659479419133,0.012559671496582499,0.014678964978798868,0.02110023813538432,0.06931659479419133,0.01830668916504922,0.18866750597953796,0.0,-3.8287064834742135,50,False,False,0.0,,0.07225840972665891,0.07719043070464526,550000
209,thumb_finger_meet,0.05406863222536369,0.012612889115845242,0.014813141357579343,0.05406863222536369,0.014025005137937528,0.016259129258915813,0.18866601586341858,0.0,-3.138887376696551,50,False,False,0.0,,0.06131247578219734,0.06134322434325716,550000
210,initial_hold,0.046178550242787324,0.01266092289545131,0.014903246198503441,0.02121096455763604,0.014056737694876004,0.046178550242787324,0.18804152309894562,0.0,-2.693448198651845,50,False,False,0.0,,0.013797298204840444,0.0562348745035609,550000
201,thumb_finger_meet,0.0481592404293038,0.014151086708563305,0.0481592404293038,0.02368861015879212,0.014981062459154482,0.010706138195938086,0.1875811517238617,0.0,-2.9232712858723593,50,False,False,0.0,,0.05529648205213443,0.05847879592204005,600000
202,thumb_finger_meet,0.05901400355838371,0.05901400355838371,0.017495624556668643,0.023664734085433875,0.014924865217768837,0.015005812944016433,0.18791237473487854,0.0,-3.4535286851031275,50,False,False,0.0,,0.06658522065359841,0.06925817755204439,600000
203,thumb_finger_meet,0.0662573261074165,0.014105184759206756,0.0662573261074165,0.02366274820067279,0.014979052885026994,0.02892644437002441,0.1877242773771286,0.0,-3.9375327421599704,50,False,False,0.0,,0.0750181266251423,0.07880372048088143,600000
204,initial_hold,0.04750498362717596,0.014358674132117612,0.017578285351506247,0.0238156286213256,0.01504746272450107,0.04750498362717596,0.18691207468509674,0.0,-2.868012970867152,50,False,False,0.0,,0.015055682062882571,0.05971181967771315,600000
205,thumb_finger_meet,0.05901906551847289,0.014229857448925682,0.017477658944260642,0.05901906551847289,0.015030070175097393,0.033729019537736764,0.18791300058364868,0.0,-3.7572544941854407,50,False,False,0.0,,0.07316598058550634,0.07317620698224128,600000
206,thumb_finger_meet,0.06165185435109181,0.014251687012018599,0.017486577030497132,0.06165185435109181,0.015047324061451173,0.02773512375386318,0.1877400428056717,0.0,-3.723081142528614,50,False,False,0.0,,0.07274140229299361,0.07283887118093416,600000
207,thumb_finger_meet,0.0632310826205364,0.0632310826205364,0.017502215034960463,0.023664392640020595,0.01491888058558634,0.01837610202925584,0.18791235983371735,0.0,-3.669288353282363,50,False,False,0.0,,0.07082162834854665,0.07365293574076164,600000
208,thumb_finger_meet,0.06629775890981926,0.014175251473066664,0.017419024275134826,0.023726700660402163,0.06629775890981926,0.017598762302887164,0.18737240135669708,0.0,-3.799245149746421,50,False,False,0.0,,0.07397195076754676,0.07597648159995818,600000
209,thumb_finger_meet,0.051617322455405616,0.014267223147695995,0.017505481130321698,0.051617322455405616,0.01505477989649117,0.015070161747153029,0.18756981194019318,0.0,-3.085484799846311,50,False,False,0.0,,0.06009721838630136,0.060233708803565066,600000
210,initial_hold,0.04750498362717596,0.014358674132117612,0.017578285351506247,0.0238156286213256,0.01504746272450107,0.04750498362717596,0.18691207468509674,0.0,-2.868012970867152,50,False,False,0.0,,0.015055682062882571,0.05971181967771315,600000
201,thumb_finger_meet,0.04876167053410206,0.015596256390211019,0.04876167053410206,0.025526855849407504,0.015081801751948112,0.005589569819294872,0.20008951425552368,0.0,-2.9646205577282085,50,False,False,0.0,,0.055379633250396174,0.05942447417581229,650000
202,thumb_finger_meet,0.05754902870702067,0.05754902870702067,0.017154690815889186,0.025550159209174843,0.01494853324102553,0.010206875019628255,0.20037829875946045,0.0,-3.386459033715326,50,False,False,0.0,,0.06497637578345124,0.06772461665782081,650000
203,thumb_finger_meet,0.06674242698922127,0.015552177067728214,0.06674242698922127,0.02548818475788635,0.015085495967319949,0.023735771444646114,0.20028485357761383,0.0,-3.9168504503848087,50,False,False,0.0,,0.07349668176001152,0.07833918795125565,650000
204,initial_hold,0.053373645637555416,0.015802167893087415,0.01725445111082495,0.02571482309297846,0.015132693629320028,0.053373645637555416,0.1992880254983902,0.0,-3.1304494289731393,50,False,False,0.0,,0.016607340691892302,0.06547076588128896,650000
205,thumb_finger_meet,0.05757406509095095,0.01569706990152817,0.0171487230248143,0.05757406509095095,0.015156080105209033,0.02755769268597704,0.20032085478305817,0.0,-3.587364186449341,50,False,False,0.0,,0.069556718562063,0.06960160103260973,650000
206,thumb_finger_meet,0.06046598353692973,0.01571417071617119,0.01715779572332197,0.06046598353692973,0.015187817963327343,0.02235665144719995,0.20012694597244263,0.0,-3.5966952432678094,50,False,False,0.0,,0.07011566596682832,0.07019935867860355,650000
207,thumb_finger_meet,0.0618256998391519,0.0618256998391519,0.017159252653112942,0.02555629585257101,0.014940205402996296,0.014783225519725333,0.2003917545080185,0.0,-3.6047545648570103,50,False,False,0.0,,0.06921006461485414,0.07219234629910007,650000
208,thumb_finger_meet,0.06496316177244742,0.015645009204729138,0.01704787127662216,0.02555279210687239,0.06496316177244742,0.01418060665943445,0.1998240351676941,0.0,-3.7732984301767027,50,False,False,0.0,,0.07457168364618331,0.07489755273198284,650000
209,thumb_finger_meet,0.05073993511025171,0.015723824706028105,0.017171150690770853,0.05073993511025171,0.015204196756056077,0.009739711237451184,0.19994425773620605,0.0,-3.0099053561982,50,False,False,0.0,,0.0586107704599038,0.05867416525532693,650000
210,initial_hold,0.053373645637555416,0.015802167893087415,0.01725445111082495,0.02571482309297846,0.015132693629320028,0.053373645637555416,0.1992880254983902,0.0,-3.1304494289731393,50,False,False,0.0,,0.016607340691892302,0.06547076588128896,650000
201,thumb_finger_meet,0.04787592996638376,0.01581793231844223,0.04787592996638376,0.024166599209163885,0.016320439514715054,0.0045344568869985094,0.21100229024887085,0.022,-2.9046266906799123,50,False,False,0.0,,0.054454928003221034,0.05842306236005421,700000
202,thumb_finger_meet,0.05653426978639341,0.05653426978639341,0.017427180109759195,0.024133872824452892,0.016308139548910344,0.00863737216559431,0.2107662707567215,0.021,-3.3672231628021385,50,False,False,0.0,,0.064585771474063,0.06650438856075051,700000
203,thumb_finger_meet,0.06604933558945501,0.015767630241079383,0.06604933558945501,0.024150273091804845,0.0162995159883242,0.02243940951231935,0.21131859719753265,0.022,-3.831717366202578,50,False,False,0.0,,0.07183972960273559,0.07722415364606987,700000
204,initial_hold,0.05130682057291096,0.016005878891183253,0.017445693511417178,0.024213558563361784,0.016403086857421964,0.05130682057291096,0.20977818965911865,0.019,-3.13377064546105,50,False,False,0.0,,0.017302584145174982,0.06362615731935953,700000
205,thumb_finger_meet,0.05848432754782587,0.015867754010064503,0.0174390624209188,0.05848432754782587,0.01631290823121795,0.027984604756433874,0.2108355313539505,0.02,-3.628624585740552,50,False,False,0.0,,0.06980161913270773,0.07089127000202468,700000
206,thumb_finger_meet,0.06103153324088457,0.015877066830198815,0.01743018297377434,0.06103153324088457,0.01633267474625113,0.021579228797007067,0.21069180965423584,0.02,-3.6176537605912267,50,False,False,0.0,,0.07001181052107638,0.07080367193305344,700000
207,thumb_finger_meet,0.06066918846465173,0.06066918846465173,0.017428837050618973,0.024129122236773288,0.01630169122205425,0.01279888709772375,0.2107500284910202,0.021,-3.572941924323925,50,False,False,0.0,,0.06869386120595265,0.07068441113465604,700000
208,thumb_finger_meet,0.06369259325712233,0.01586936914911782,0.01733007917209383,0.024170418273633143,0.06369259325712233,0.011496301837870405,0.21036161482334137,0.02,-3.6909051958951435,50,False,False,0.0,,0.07291666515106052,0.07297457798842717,700000
209,thumb_finger_meet,0.05096640722618122,0.01589481873674395,0.01742940829458452,0.05096640722618122,0.016355856594357867,0.008876021329417819,0.21052493155002594,0.02,-3.0429968868864825,50,False,False,0.0,,0.058976439415674035,0.059163350152722886,700000
210,initial_hold,0.05130682057291096,0.016005878891183253,0.017445693511417178,0.024213558563361784,0.016403086857421964,0.05130682057291096,0.20977818965911865,0.019,-3.13377064546105,50,False,False,0.0,,0.017302584145174982,0.06362615731935953,700000
201,thumb_finger_meet,0.0462727371418837,0.018691177367191936,0.0462727371418837,0.021897019817883,0.015213477265005344,0.003269427626414403,0.21566332876682281,0.037,-2.853629842992054,50,False,False,0.0,,0.053887109396064475,0.05667578705563469,750000
202,thumb_finger_meet,0.05354291368560298,0.05354291368560298,0.019277447786255203,0.021617216751968444,0.0153084451114381,0.006585959577765671,0.2156134396791458,0.037,-3.1998942855155823,50,False,False,0.0,,0.06177859278105989,0.06311490326766879,750000
203,thumb_finger_meet,0.0643344821797019,0.018644483031829938,0.0643344821797019,0.021889262580295905,0.015198406597648043,0.019850904351414744,0.21585586667060852,0.039,-3.772938050414022,50,False,False,0.0,,0.07064019187326828,0.07477119851814712,750000
204,initial_hold,0.05266574107311217,0.018884459876352983,0.01932920685185185,0.021743688697440016,0.015341286416435283,0.05266574107311217,0.21488650143146515,0.037,-3.1180357356024326,50,False,False,0.0,,0.017562251490124123,0.06490041919899778,750000
205,thumb_finger_meet,0.06015570384115047,0.018745347679623856,0.019334320472562023,0.06015570384115047,0.014994023210661333,0.026440566728450295,0.21598045527935028,0.037,-3.7932031057130655,50,False,False,0.0,,0.07257986644623562,0.07257986644623562,750000
206,thumb_finger_meet,0.06282370027593336,0.018761350152191915,0.019333716074218608,0.06282370027593336,0.015083676110031903,0.01963870446789657,0.21582776308059692,0.037,-3.7831050371560986,50,False,False,0.0,,0.07270346725777037,0.07270346725777037,750000
207,thumb_finger_meet,0.05770598736619697,0.05770598736619697,0.019276397860915236,0.02155289800676859,0.015347693285098411,0.011518372771187268,0.21561077237129211,0.037,-3.4064559473617164,50,False,False,0.0,,0.0657998579675553,0.06733730396562988,750000
208,thumb_finger_meet,0.0637593664146975,0.018731239173832938,0.019181260781017725,0.021171964689835617,0.0637593664146975,0.008334940956178732,0.21515829861164093,0.037,-3.6380971573492795,50,False,False,0.0,,0.07080719844449516,0.07281318713880769,750000
209,thumb_finger_meet,0.052761663756493486,0.01877552900609726,0.019340436839463883,0.052761663756493486,0.01504616712169531,0.0066515552423353835,0.21566210687160492,0.037,-3.2087770893505763,50,False,False,0.0,,0.06148980794529443,0.06148980794529443,750000
210,initial_hold,0.05266574107311217,0.018884459876352983,0.01932920685185185,0.021743688697440016,0.015341286416435283,0.05266574107311217,0.21488650143146515,0.037,-3.1180357356024326,50,False,False,0.0,,0.017562251490124123,0.06490041919899778,750000
201,thumb_finger_meet,0.04811684046110586,0.01888930753542077,0.04811684046110586,0.01935237258634725,0.017810227669571757,0.0027086245797208978,0.21270297467708588,0.032,-2.9070947376798,50,False,False,0.0,,0.054997253397728214,0.058061101062620836,800000
202,thumb_finger_meet,0.053346112910034466,0.053346112910034466,0.017496503004718868,0.0192271572245566,0.01787891249811305,0.007201539823682007,0.21292176842689514,0.032,-3.203784907489023,50,False,False,0.0,,0.062055145806952365,0.06239500495143311,800000
203,thumb_finger_meet,0.06618262263019993,0.018836455323099834,0.06618262263019993,0.019304512545648404,0.017803632666992083,0.020875580743934908,0.21294467151165009,0.032,-3.7980862132732174,50,False,False,0.0,,0.07092910957027752,0.07655308615276996,800000
204,initial_hold,0.05300361002312818,0.019080813610404503,0.017541136233603115,0.019361013553220726,0.017913436172782963,0.05300361002312818,0.21193915605545044,0.031,-3.235678306243467,50,False,False,0.0,,0.01881569881020042,0.06462887609427416,800000
205,thumb_finger_meet,0.06258752973973436,0.01883510100487597,0.01742812518941799,0.06258752973973436,0.01729951374005215,0.026493163430141967,0.2131032794713974,0.032,-3.834377617600387,50,False,False,0.0,,0.07423232242540784,0.07467837933821611,800000
206,thumb_finger_meet,0.06516147201518029,0.018897200957220053,0.017425174708012064,0.06516147201518029,0.017378905660982776,0.020305284912893098,0.21296264231204987,0.032,-3.8354367402139076,50,False,False,0.0,,0.07468868678683831,0.07497392420151508,800000
207,thumb_finger_meet,0.05744935412115018,0.05744935412115018,0.017505805707637916,0.019190358946747126,0.01791168347674243,0.012310681279636129,0.21293966472148895,0.032,-3.4126979185624777,50,False,False,0.0,,0.06637727945645222,0.066689824392149,800000
208,thumb_finger_meet,0.06118508498560915,0.018940940540639228,0.01744966828560609,0.018824588411890483,0.06118508498560915,0.010070614497995073,0.2125341296195984,0.032,-3.526094407368304,50,False,False,0.0,,0.06880049645692406,0.06973268374142962,800000
209,thumb_finger_meet,0.054905839512354004,0.018885712528442667,0.017446904049844954,0.054905839512354004,0.01742493129106602,0.007104098321677865,0.21275638043880463,0.032,-3.2730327836473103,50,False,False,0.0,,0.06346671304799707,0.06348080225273058,800000
210,initial_hold,0.05300361002312818,0.019080813610404503,0.017541136233603115,0.019361013553220726,0.017913436172782963,0.05300361002312818,0.21193915605545044,0.031,-3.235678306243467,50,False,False,0.0,,0.01881569881020042,0.06462887609427416,800000
201,thumb_finger_meet,0.04861097920461089,0.021111055186577365,0.04861097920461089,0.016676841011220026,0.01968410682140536,0.0016661774315289298,0.22115874290466309,0.038,-2.9673719106774246,50,False,False,0.0,,0.056349538735943824,0.0589666107642721,850000
202,thumb_finger_meet,0.051040777242143245,0.051040777242143245,0.016915239578723682,0.01663564197812774,0.01972336864870227,0.005972013808089081,0.22125455737113953,0.038,-3.065028479912014,50,False,False,0.0,,0.05958195515445785,0.05993919481682059,850000
203,thumb_finger_meet,0.06668378268814926,0.0210667989000298,0.06668378268814926,0.016650936465955238,0.019657052069917042,0.01975289465084945,0.22135354578495026,0.038,-3.868605327442138,50,False,False,0.0,,0.07251922295496933,0.0770997219051721,850000
204,initial_hold,0.0544687966411842,0.02126277133122576,0.016994020588068814,0.01667479360989428,0.019833472511957457,0.0544687966411842,0.22047021985054016,0.038,-3.2302500369225045,50,False,False,0.0,,0.01953362269133329,0.06617527757241012,850000
205,thumb_finger_meet,0.06545778068225097,0.021141085316904902,0.0168602537344673,0.06545778068225097,0.019467286542542667,0.024771486357272172,0.22133980691432953,0.039,-3.9147279665114065,50,False,False,0.0,,0.07665776067724493,0.07751475006662233,850000
206,thumb_finger_meet,0.06786632986558655,0.0211441330863822,0.016865016633829565,0.06786632986558655,0.019494804850912664,0.01875820506681336,0.221202090382576,0.038,-3.917985610838585,50,False,False,0.0,,0.07696817784378597,0.07790545265231685,850000
207,thumb_finger_meet,0.0551841041656839,0.0551841041656839,0.016919084188608265,0.01662733659270754,0.01971786082454114,0.011231011424755868,0.22128546237945557,0.038,-3.2706403239896864,50,False,False,0.0,,0.06343910758919334,0.06421011398242825,850000
208,thumb_finger_meet,0.059584286232996865,0.021084436103624298,0.016873459736384325,0.01647858602475882,0.059584286232996865,0.010015862619309037,0.22091136872768402,0.038,-3.4869461769721877,50,False,False,0.0,,0.06802454022004933,0.06820128705943274,850000
209,thumb_finger_meet,0.057332058817279055,0.021161860879219157,0.01688378153723511,0.057332058817279055,0.019556593624584593,0.005921133082817999,0.22102174162864685,0.038,-3.3521246156685196,50,False,False,0.0,,0.06604912674325382,0.06661359901910448,850000
210,initial_hold,0.0544687966411842,0.02126277133122576,0.016994020588068814,0.01667479360989428,0.019833472511957457,0.0544687966411842,0.22047021985054016,0.038,-3.2302500369225045,50,False,False,0.0,,0.01953362269133329,0.06617527757241012,850000
201,thumb_finger_meet,0.04886082409620558,0.022264021190339114,0.04886082409620558,0.01718684655916671,0.0200165405236377,0.0030224202597833134,0.22650867700576782,0.062,-3.0257341931895416,50,False,False,0.0,,0.05891948654884144,0.05990201486038456,900000
202,thumb_finger_meet,0.04962254969651331,0.04962254969651331,0.016415142589429006,0.017131797667177595,0.02006361142607576,0.004120731822163494,0.22675774991512299,0.062,-3.009072959326248,50,False,False,0.0,,0.05848784599435437,0.05869311518508861,900000
203,thumb_finger_meet,0.0670434304340715,0.022212578746408435,0.0670434304340715,0.017175526943465257,0.020048098239981774,0.017476679873821663,0.22667711973190308,0.062,-3.8894164596394236,50,False,False,0.0,,0.07372659183702224,0.07739883414607282,900000
204,initial_hold,0.05440303515157493,0.022401752313400938,0.01643229948489044,0.017263063382250417,0.020120604870508967,0.05440303515157493,0.22600185871124268,0.061,-3.274931016529115,50,False,False,0.0,,0.02068840290468843,0.06659130051643634,900000
205,thumb_finger_meet,0.06445880413163126,0.022134184882242648,0.016256134366594895,0.06445880413163126,0.019723931268586254,0.02420268143943439,0.22687788307666779,0.062,-3.866072993060827,50,False,False,0.0,,0.07522409297082959,0.0767067450005066,900000
206,thumb_finger_meet,0.06677987078684106,0.022148418842786635,0.016251211834886117,0.06677987078684106,0.019745299511510803,0.017109680710188386,0.22673696279525757,0.062,-3.8579120930415725,50,False,False,0.0,,0.07535589035748405,0.07679077752210156,900000
207,thumb_finger_meet,0.053704572649662004,0.053704572649662004,0.016418853273978684,0.017120263587528373,0.020060555506210137,0.009355696988717327,0.22678054869174957,0.062,-3.204796932567971,50,False,False,0.0,,0.06252044568657013,0.06274406940089355,900000
208,thumb_finger_meet,0.05908138358229635,0.02226361815720693,0.01636954020656577,0.016885685089509876,0.05908138358229635,0.006429775152719447,0.22641387581825256,0.062,-3.4805666812350964,50,False,False,0.0,,0.06765069438204216,0.06768093376630784,900000
209,thumb_finger_meet,0.05620240396881911,0.022181459071783052,0.01627570609521566,0.05620240396881911,0.019802042193104694,0.004700646029908695,0.22656524181365967,0.062,-3.3109783234395125,50,False,False,0.0,,0.06484092281296486,0.06580154174061088,900000
210,initial_hold,0.05440303515157493,0.022401752313400938,0.01643229948489044,0.017263063382250417,0.020120604870508967,0.05440303515157493,0.22600185871124268,0.061,-3.274931016529115,50,False,False,0.0,,0.02068840290468843,0.06659130051643634,900000
201,thumb_finger_meet,0.04864023783000999,0.021847510181723775,0.04864023783000999,0.019748599438554372,0.019081075423201945,0.003326301566260824,0.22801144421100616,0.065,-3.0393263353266717,50,False,False,0.0,,0.058686260425829945,0.06006950423052083,950000
202,thumb_finger_meet,0.05006388329089723,0.05006388329089723,0.016441324630733854,0.019586527222397492,0.01920756998259255,0.0046943498227002825,0.22817131876945496,0.065,-3.033119123082352,50,False,False,0.0,,0.058455760893987685,0.05959286265405908,950000
203,thumb_finger_meet,0.06694061400700681,0.021799500803299104,0.06694061400700681,0.019688830090795043,0.019066005644793174,0.017969363457373686,0.22814354300498962,0.066,-3.9329073844287,50,False,False,0.0,,0.07466176295112359,0.07765516507974722,950000
204,initial_hold,0.053686329003313285,0.022011758065651567,0.016473872101158794,0.019851615496829917,0.01918637184659998,0.053686329003313285,0.22735625505447388,0.064,-3.2135001108199437,50,False,False,0.0,,0.019571842420739005,0.06633499362680376,950000
205,thumb_finger_meet,0.06141901542046861,0.02158087459200496,0.016370344944200546,0.06141901542046861,0.018658146340344503,0.024739266270431704,0.2283661663532257,0.065,-3.782045237922697,50,False,False,0.0,,0.07374056029191135,0.0739335885604422,950000
206,thumb_finger_meet,0.06366321391266194,0.021593482216772736,0.016369341868403935,0.06366321391266194,0.018687148731128013,0.017573361581743982,0.2282373458147049,0.065,-3.7663853667649647,50,False,False,0.0,,0.07374086372459465,0.07379208086320735,950000
207,thumb_finger_meet,0.05398760992703881,0.05398760992703881,0.016442597064149755,0.01956748545673938,0.019206284372710696,0.009502811868027925,0.2281852811574936,0.065,-3.224478206961811,50,False,False,0.0,,0.06220827860887951,0.06345937522346369,950000
208,thumb_finger_meet,0.05957426982725692,0.022134624702533637,0.016340578048949308,0.018956410492171078,0.05957426982725692,0.006642054631546831,0.22772251069545746,0.065,-3.4954121040222295,50,False,False,0.0,,0.06861359778616363,0.06862588517187065,950000
209,thumb_finger_meet,0.053228046301275596,0.021636655738873075,0.016389115764577963,0.053228046301275596,0.018737503615467,0.005320589950293862,0.22809448838233948,0.065,-3.207254059460475,50,False,False,0.0,,0.062396235162585086,0.06284405794756408,950000
210,initial_hold,0.053686329003313285,0.022011758065651567,0.016473872101158794,0.019851615496829917,0.01918637184659998,0.053686329003313285,0.22735625505447388,0.064,-3.2135001108199437,50,False,False,0.0,,0.019571842420739005,0.06633499362680376,950000
201,thumb_finger_meet,0.050012080240187655,0.022713392715251385,0.050012080240187655,0.020052226197767198,0.020298299569277818,0.0036726555772105167,0.2368360459804535,0.069,-3.139706507145855,50,False,False,0.0,,0.0610161839245251,0.0620057055315685,1000000
202,thumb_finger_meet,0.049164434640872605,0.049164434640872605,0.01510609719083532,0.020008786712803255,0.020325313556835447,0.004785558237514614,0.23715020716190338,0.069,-3.018289189365653,50,False,False,0.0,,0.057576871060126183,0.05900599368235715,1000000
203,thumb_finger_meet,0.06831003811048666,0.022719882578430058,0.06831003811048666,0.02000661482685927,0.02030401304603819,0.01794053381149006,0.23697927594184875,0.069,-4.028071016022389,50,False,False,0.0,,0.07698060020278764,0.0794785172677435,1000000
204,initial_hold,0.05356818568321604,0.022885865519014892,0.015148328308137936,0.020086613334351203,0.020458566911824173,0.05356818568321604,0.23635324835777283,0.068,-3.2485911462110746,50,False,False,0.0,,0.02044150777412892,0.06666940980544528,1000000
205,thumb_finger_meet,0.06136066232573554,0.02257635449317596,0.014995391554815668,0.06136066232573554,0.02003668363790128,0.024906558254756756,0.23709896206855774,0.069,-3.766690983961216,50,False,False,0.0,,0.07356086143318759,0.07430672759878246,1000000
206,thumb_finger_meet,0.06365212209688477,0.022579599158139577,0.014990717845118486,0.06365212209688477,0.02004056149731703,0.017603475283799797,0.23698391020298004,0.069,-3.7560856911474643,50,False,False,0.0,,0.07367420542177065,0.0741462002686991,1000000
207,thumb_finger_meet,0.05317192210625368,0.05317192210625368,0.01510576041176858,0.02000410388480194,0.020318444938500498,0.009420821994310631,0.23716813325881958,0.069,-3.2142248920850376,50,False,False,0.0,,0.06159528454095879,0.06290622037678449,1000000
208,thumb_finger_meet,0.05853561675874118,0.022791895769552616,0.015084860002228076,0.01948386891959814,0.05853561675874118,0.0065670512025154115,0.2364547699689865,0.069,-3.4539323548737375,50,False,False,0.0,,0.06779520081064538,0.06779520081064538,1000000
209,thumb_finger_meet,0.053239831728671076,0.022612059130356226,0.015019951914409302,0.053239831728671076,0.02008022283498873,0.005545184196250254,0.2368541806936264,0.069,-3.2026896944457266,50,False,False,0.0,,0.06235403771680757,0.0632878208899331,1000000
210,initial_hold,0.05356818568321604,0.022885865519014892,0.015148328308137936,0.020086613334351203,0.020458566911824173,0.05356818568321604,0.23635324835777283,0.068,-3.2485911462110746,50,False,False,0.0,,0.02044150777412892,0.06666940980544528,1000000
