seed,episode_return,episode_length,success_any,success_final,success_fraction,time_to_first_success,min_distance,final_distance,timesteps
201,-1.7578213682105799,50,True,True,0.94,4.0,0.03074638052978713,0.030812635010226325,5000
202,-1.4596197631872139,50,True,True,0.98,2.0,0.02746167662813143,0.027606887564761318,5000
203,-2.336653112728209,50,True,True,0.9,6.0,0.043212620995801976,0.043212620995801976,5000
204,-0.5967292547555035,50,True,True,0.98,2.0,0.008926509267612648,0.009167691783091757,5000
205,-2.1356128028973567,50,True,True,0.92,5.0,0.038000038265435826,0.03800043858357858,5000
201,-0.4961154540470036,50,True,True,0.94,4.0,0.0039261275778656995,0.0039261275778656995,10000
202,-0.5813226020958024,50,True,True,0.98,2.0,0.00923655424357038,0.009240450096291061,10000
203,-0.7203025062622936,50,True,True,0.96,3.0,0.01019430131311028,0.010365798442486994,10000
204,-0.6850777340006052,50,True,True,0.98,2.0,0.010992833133484259,0.011688121558175843,10000
205,-0.5521296961498743,50,True,True,0.96,3.0,0.003928693887079113,0.006418648512566223,10000
201,-1.1455725561981183,50,True,True,0.94,4.0,0.018164110249401802,0.01816453497956891,15000
202,-1.219029352189488,50,True,True,0.98,2.0,0.02274602602436282,0.022931912889239823,15000
203,-0.6557987378686808,50,True,True,0.96,3.0,0.006978753677270465,0.00981270179076827,15000
204,-1.0853334992861197,50,True,True,0.98,2.0,0.019790745235071527,0.020023145710652966,15000
205,-1.2114189347154924,50,True,True,0.96,3.0,0.019982744230190707,0.02007703974296402,15000
201,-1.3434417932235068,50,True,True,0.94,4.0,0.013004306804897446,0.023727255855130948,20000
202,-1.0845641577181253,50,True,True,0.98,2.0,0.01952278500453325,0.020201163209410383,20000
203,-0.8540470013635829,50,True,True,0.96,3.0,0.013519813978012647,0.013543648592205708,20000
204,-1.16562561760421,50,True,True,0.98,2.0,0.01304758481050158,0.022694437570798,20000
205,-1.313644348254273,50,True,True,0.96,3.0,0.016083050572942674,0.023265883055972346,20000
201,-0.6641394872514399,50,True,True,0.94,4.0,0.0034088602754030386,0.008534349889172763,25000
202,-0.8044538329145631,50,True,True,0.98,2.0,0.009934131683421601,0.014688006507516385,25000
203,-0.7369791035917557,50,True,True,0.96,3.0,0.009248373700817752,0.011244437651894177,25000
204,-0.5310878794489522,50,True,True,0.98,2.0,0.008710307697261286,0.008710307697261286,25000
205,-0.8698123653002116,50,True,True,0.96,3.0,0.010041421421852118,0.013600687509870542,25000
201,-0.6586423438189392,50,True,True,0.94,4.0,0.00768836957072286,0.007791586055124394,30000
202,-0.4819147036799611,50,True,True,0.98,2.0,0.0035516323629640714,0.00787190647565742,30000
203,-0.6833479407929482,50,True,True,0.96,3.0,0.009783580762358962,0.009795279820330868,30000
204,-0.49442084080770604,50,True,True,0.98,2.0,0.007926153888588324,0.007926153888588324,30000
205,-0.7848201737288104,50,True,True,0.96,3.0,0.011220991865401157,0.0113247360515175,30000
201,-0.596057761228445,50,True,True,0.94,4.0,0.006224973978074523,0.006464351153326235,35000
202,-0.33146913043999643,50,True,True,0.98,2.0,0.004044462017285637,0.004355318800192258,35000
203,-0.8092114378143895,50,True,True,0.96,3.0,0.012414676333661966,0.01243387941558452,35000
204,-0.3433195234116801,50,True,True,0.98,2.0,0.004645099998608909,0.004645099998608909,35000
205,-0.6750942327404823,50,True,True,0.96,3.0,0.009080908283355232,0.009150396508737845,35000
201,-0.9049070264155402,50,True,True,0.94,4.0,0.012960902243258708,0.012960902243258708,40000
202,-0.7574425480857822,50,True,True,0.98,2.0,0.012432765786943578,0.013516830610128368,40000
203,-1.2288118652398983,50,True,True,0.96,3.0,0.020798570033286178,0.0214559054196033,40000
204,-0.6731928930746685,50,True,True,0.98,2.0,0.011634617065764408,0.011634617065764408,40000
205,-1.0167597448269148,50,True,True,0.96,3.0,0.01616520307492109,0.016166038265401014,40000
201,-0.6135247288689406,50,True,True,0.94,4.0,0.006796509902998898,0.006893448934308298,45000
202,-0.4485399832820074,50,True,True,0.98,2.0,0.006191918815393755,0.006883832831677846,45000
203,-0.7567293647396525,50,True,True,0.96,3.0,0.011220002729584642,0.011362576615946158,45000
204,-0.4013193741925076,50,True,True,0.98,2.0,0.006120702419255167,0.006125970331797785,45000
205,-0.4872296414149646,50,True,True,0.96,3.0,0.004651338167795095,0.004653759129739607,45000
201,-0.7670647655407699,50,True,True,0.94,4.0,0.009560760110482876,0.009600898879289489,50000
202,-0.6808110113736225,50,True,True,0.98,2.0,0.011133908976179722,0.011885960538585833,50000
203,-0.7544154697454903,50,True,True,0.96,3.0,0.011458674835591655,0.011458674835591655,50000
204,-0.4538047488340993,50,True,True,0.98,2.0,0.006869485608637714,0.006869485608637714,50000
205,-1.1190020021476224,50,True,True,0.96,3.0,0.018200452567936128,0.018200452567936128,50000
201,-0.8134195502517456,50,True,True,0.94,4.0,0.010526500466084287,0.011334801732756389,55000
202,-0.6195757047261341,50,True,True,0.98,2.0,0.010422570227404495,0.010453113420449796,55000
203,-0.7694683449471837,50,True,True,0.96,3.0,0.010834926521799453,0.012096886568953873,55000
204,-0.6168521690428289,50,True,True,0.98,2.0,0.008632461285009026,0.010881921106551574,55000
205,-0.6775948133624373,50,True,True,0.96,3.0,0.008285604515037454,0.009148748412426381,55000
201,-0.9709055105336644,50,True,True,0.94,4.0,0.014178565517986243,0.01459618786020944,60000
202,-0.6936640638309435,50,True,True,0.98,2.0,0.011152082368643953,0.012110385644100384,60000
203,-1.0923003241240195,50,True,True,0.96,3.0,0.017362742025760762,0.019044682372311637,60000
204,-0.7204874048724448,50,True,True,0.98,2.0,0.007569263138335041,0.013259389437430744,60000
205,-1.016401851463499,50,True,True,0.96,3.0,0.016003916519344352,0.016253161629875033,60000
201,-1.5075478815562748,50,True,True,0.94,4.0,0.025682700660643012,0.025683113751410087,65000
202,-1.3880074196455638,50,True,True,0.98,2.0,0.02633453087979536,0.026490208801620452,65000
203,-1.2220784630605297,50,True,True,0.96,3.0,0.020913397772844122,0.021624192517164652,65000
204,-1.1267473264733054,50,True,True,0.98,2.0,0.019758877894714505,0.021365898239139945,65000
205,-1.6783337219310595,50,True,True,0.94,4.0,0.029892863565289463,0.02989378993013227,65000
201,-1.3723018227535009,50,True,True,0.94,4.0,0.020425156411187258,0.02356162457205807,70000
202,-1.553832872730269,50,True,True,0.96,3.0,0.029531034563191838,0.029535182325469297,70000
203,-1.0643093973950886,50,True,True,0.96,3.0,0.017496650990165917,0.01828608854419762,70000
204,-1.4195444302894313,50,True,True,0.98,2.0,0.027012157743310953,0.027013961868570854,70000
205,-1.7519306286887806,50,True,True,0.96,3.0,0.029767823663438393,0.03200430107547839,70000
201,-0.8150763156380909,50,True,True,0.94,4.0,0.011225077137636414,0.011225081678519233,75000
202,-0.6332676441730253,50,True,True,0.98,2.0,0.010828631237452821,0.010828631237452821,75000
203,-0.8845469311515654,50,True,True,0.96,3.0,0.012292278638905443,0.014766769105091854,75000
204,-0.6730984388678298,50,True,True,0.98,2.0,0.011858368045143662,0.011858374655057418,75000
205,-0.7337696213796598,50,True,True,0.96,3.0,0.01031254745248472,0.010314670478674154,75000
201,-0.8207961198177591,50,True,True,0.94,4.0,0.011146212374529701,0.011151677415293574,80000
202,-0.4908781738636621,50,True,True,0.98,2.0,0.007553789320504781,0.0077891810272948,80000
203,-1.369124098608107,50,True,True,0.96,3.0,0.024657447640022204,0.024658146767507997,80000
204,-0.5433012522204055,50,True,True,0.98,2.0,0.009070640965250773,0.009195840909309467,80000
205,-0.7254432683236449,50,True,True,0.96,3.0,0.010110612244724754,0.010129275212058763,80000
201,-0.8302515096731372,50,True,True,0.94,4.0,0.0044994338953433825,0.01243009985892632,85000
202,-0.6534570283332097,50,True,True,0.98,2.0,0.009921227668392506,0.009924688323183717,85000
203,-0.8105800481826416,50,True,True,0.96,3.0,0.010274703997572184,0.013347844532536549,85000
204,-0.62609900036755,50,True,True,0.98,2.0,0.010971794471481226,0.010974294306974473,85000
205,-0.5103658697424994,50,True,True,0.96,3.0,0.004058265836984899,0.005669430585756366,85000
201,-0.5172113050808779,50,True,True,0.94,4.0,0.0028277284692704435,0.005083451614447275,90000
202,-0.4619166866916984,50,True,True,0.98,2.0,0.006877380413562817,0.006882667339736371,90000
203,-0.6135883697802662,50,True,True,0.96,3.0,0.008504501779112831,0.008747849761123,90000
204,-0.3613938837017901,50,True,True,0.98,2.0,0.005335702639346499,0.00538687300974878,90000
205,-0.41731677826677327,50,True,True,0.96,3.0,0.0024344134633797593,0.0040889053118389985,90000
201,-0.8384553255713421,50,True,True,0.94,4.0,0.011606717943831066,0.011606863579486183,95000
202,-0.6785070711310315,50,True,True,0.98,2.0,0.010718994441496583,0.011800806248095081,95000
203,-0.7752086610589591,50,True,True,0.96,3.0,0.009754774809711214,0.012358266770663245,95000
204,-0.602129894556148,50,True,True,0.98,2.0,0.004448962704784951,0.010926435937507957,95000
205,-0.7333378518681901,50,True,True,0.96,3.0,0.010552333235406212,0.010552491272776842,95000
201,-1.1097181604194937,50,True,True,0.94,4.0,0.017523796370650557,0.017537428770401455,100000
202,-0.7513690999007269,50,True,True,0.98,2.0,0.009948255715869802,0.013713713880028304,100000
203,-1.0292032717535406,50,True,True,0.96,3.0,0.017227581060480193,0.017521357847417558,100000
204,-0.6927682017940556,50,True,True,0.98,2.0,0.012421586327182248,0.01244520800150632,100000
205,-1.021093530810634,50,True,True,0.96,3.0,0.0151401786697032,0.016884705029372345,100000
