#{"t_start": 1790277249.7045112, "env_id": "FetchReachDense-v4"}
r,l,t,is_success
-9.815707,50,0.185833,0.0
-12.364297,50,0.331402,0.0
-10.29853,50,0.483398,0.0
-11.032267,50,0.713099,0.0
-5.703986,50,0.93837,0.0
-14.234921,50,1.153937,0.0
-14.029918,50,1.369062,0.0
-9.278409,50,1.586392,0.0
-14.809513,50,1.814948,0.0
-13.153563,50,2.056459,0.0
-13.687165,50,2.273882,0.0
-13.492286,50,2.507443,0.0
-8.947697,50,2.729803,0.0
-10.538075,50,2.947506,0.0
-10.450088,50,3.195594,0.0
-4.24974,50,3.419785,0.0
-4.479687,50,3.661881,0.0
-15.01048,50,3.827653,0.0
-15.054881,50,3.979994,0.0
-7.609382,50,4.120661,0.0
-27.328177,50,5.680621,0.0
-3.656091,50,7.173315,0.0
-12.812348,50,8.683371,0.0
-10.00401,50,10.169715,0.0
-9.724709,50,11.673557,0.0
-11.077662,50,13.156005,0.0
-11.80335,50,15.125367,0.0
-15.9426,50,17.266005,0.0
-15.918035,50,18.785226,0.0
-11.035287,50,20.286586,0.0
-13.179691,50,21.784622,0.0
-8.836281,50,23.33684,0.0
-9.928743,50,24.886505,0.0
-6.81827,50,26.496747,0.0
-8.566432,50,28.675759,0.0
-10.470496,50,30.860563,0.0
-6.216954,50,32.456964,0.0
-17.238726,50,34.050898,0.0
-15.038208,50,35.642851,0.0
-20.025643,50,37.240461,0.0
-16.527377,50,38.843429,0.0
-13.464286,50,40.536613,0.0
-9.47711,50,42.907118,0.0
-5.802686,50,44.731667,0.0
-3.713434,50,46.315491,0.0
-6.142061,50,47.939029,0.0
-5.458482,50,49.576521,0.0
-4.881786,50,51.203451,0.0
-2.857386,50,52.920986,0.0
-4.449574,50,55.073901,0.0
-4.422659,50,57.307118,0.0
-3.659865,50,58.998196,0.0
-4.837625,50,60.654994,0.0
-4.93048,50,62.322458,0.0
-3.086781,50,63.96278,0.0
-4.344277,50,65.629989,0.0
-3.862605,50,67.491097,0.0
-3.786879,50,69.928244,0.0
-2.254038,50,71.630196,1.0
-2.140961,50,73.273742,1.0
-2.072295,50,74.968319,1.0
-2.393904,50,76.635177,0.0
-2.718015,50,78.345666,0.0
-3.558815,50,80.022978,0.0
-3.657034,50,82.488266,0.0
-3.145555,50,84.470121,0.0
-2.774016,50,86.109483,0.0
-3.078818,50,87.767236,0.0
-2.775461,50,89.433931,1.0
-2.011319,50,91.08568,1.0
-2.119841,50,92.723785,1.0
-1.36204,50,94.820127,1.0
-3.597133,50,97.068264,0.0
-1.321983,50,98.712068,1.0
-2.428938,50,100.386797,0.0
-2.937145,50,102.06885,1.0
-1.858828,50,103.722946,1.0
-2.115169,50,105.400836,0.0
-2.049338,50,107.272829,1.0
-2.338169,50,109.702278,1.0
-2.695964,50,111.375397,0.0
-1.929242,50,113.069731,1.0
-1.246156,50,114.735032,1.0
-1.750261,50,116.371166,1.0
-1.438457,50,118.039697,1.0
-3.401877,50,119.679929,0.0
-2.71558,50,122.02629,1.0
-2.682356,50,124.023003,0.0
-2.284795,50,125.77794,0.0
-2.384692,50,127.491521,1.0
-2.420931,50,129.189075,1.0
-1.472378,50,130.896179,1.0
-2.079191,50,132.596309,1.0
-2.583193,50,134.846721,1.0
-1.528365,50,137.029759,1.0
-1.18765,50,138.700837,1.0
-2.570654,50,140.391662,0.0
-3.128078,50,142.065193,0.0
-2.406695,50,143.745908,0.0
-1.429494,50,145.395038,1.0
-1.257025,50,148.711651,1.0
-1.636792,50,150.642635,1.0
-1.53439,50,152.277854,1.0
-1.118359,50,153.943744,1.0
-0.932083,50,155.614033,1.0
-1.134253,50,157.278804,1.0
-1.730952,50,158.948194,1.0
-1.151546,50,161.084888,1.0
-1.623708,50,163.320746,1.0
-1.046605,50,164.974242,1.0
-1.668688,50,166.63769,1.0
-1.748308,50,168.275806,1.0
-2.06611,50,169.933008,1.0
-2.498115,50,171.606665,1.0
-1.438007,50,173.492662,1.0
-1.688594,50,175.964338,1.0
-1.320247,50,177.694283,1.0
-1.067029,50,179.345609,1.0
-1.385932,50,180.991277,1.0
-1.242234,50,182.639833,1.0
-1.141703,50,184.302183,1.0
-1.043688,50,185.965597,1.0
-0.929338,50,188.337293,1.0
-1.533058,50,190.381316,1.0
-1.049078,50,192.046295,1.0
-1.407804,50,193.720601,1.0
-1.285107,50,195.38297,1.0
-1.363683,50,197.068033,1.0
-1.868966,50,198.759899,1.0
-1.84975,50,200.910947,0.0
-1.178174,50,203.177014,1.0
-1.10519,50,204.894895,1.0
-1.106595,50,206.592368,1.0
-1.405837,50,208.282524,1.0
-1.764718,50,209.952979,1.0
-1.549888,50,211.632977,1.0
-1.433055,50,213.611573,1.0
-1.543497,50,216.040516,1.0
-1.019795,50,217.752331,1.0
-1.666066,50,219.409332,1.0
-2.050004,50,221.131226,1.0
-1.492793,50,222.868083,1.0
-1.585998,50,224.584615,1.0
-1.268213,50,226.427211,1.0
-1.53221,50,228.868646,1.0
-1.03825,50,230.640263,1.0
-1.554983,50,232.311448,1.0
-1.008737,50,234.009737,1.0
-1.850486,50,235.711736,1.0
-0.820947,50,237.370872,1.0
-1.502154,50,239.049963,1.0
-0.946541,50,241.398221,1.0
-1.27128,50,243.388982,1.0
-0.816356,50,245.068225,1.0
-1.103649,50,246.749794,1.0
-1.626621,50,248.433705,1.0
-0.926008,50,250.117686,1.0
-1.165095,50,251.810256,1.0
-0.913959,50,253.999583,1.0
-0.893393,50,256.205028,1.0
-0.946571,50,257.91706,1.0
-1.035456,50,259.581648,1.0
-0.857046,50,261.265033,1.0
-1.096232,50,262.955297,1.0
-0.96668,50,264.670304,1.0
-0.687385,50,266.635849,1.0
-0.905901,50,269.013389,1.0
-1.401216,50,270.657356,1.0
-0.989763,50,272.282624,1.0
-0.942944,50,273.918884,1.0
-1.468963,50,275.610526,1.0
-0.904186,50,277.284644,1.0
-1.753407,50,278.987324,1.0
-1.220149,50,281.413674,1.0
-0.979017,50,283.335037,1.0
-1.582839,50,284.987989,1.0
-0.79779,50,286.665648,1.0
-0.79326,50,288.342702,1.0
-0.966105,50,290.008896,1.0
-0.949372,50,291.694519,1.0
-1.24031,50,293.95122,1.0
-1.099048,50,296.094444,1.0
-0.917349,50,297.779505,1.0
-0.705782,50,299.434414,1.0
-1.678198,50,301.107101,1.0
-0.897364,50,302.758136,1.0
-1.073206,50,304.444659,1.0
-1.087902,50,306.405358,1.0
-0.996157,50,308.804309,1.0
-0.908771,50,310.493105,1.0
-0.892221,50,312.158743,1.0
-0.743677,50,313.829627,1.0
-1.182122,50,315.510053,1.0
-0.676795,50,317.211388,1.0
-1.22824,50,319.129005,1.0
-0.884566,50,321.644238,1.0
-1.070224,50,323.484672,1.0
-0.867256,50,325.204039,1.0
-0.978751,50,326.904489,1.0
-1.17832,50,328.614053,1.0
-1.425083,50,331.346123,1.0
-1.261898,50,333.54965,1.0
-0.975529,50,335.856731,1.0
-0.857644,50,337.547365,1.0
-1.442507,50,339.25457,1.0
-0.840482,50,340.960721,1.0
-1.290581,50,342.669811,1.0
-1.157834,50,344.345666,1.0
-0.93747,50,346.384753,1.0
-1.028266,50,348.723124,1.0
-1.852237,50,350.388805,1.0
-1.064794,50,352.110299,1.0
-0.65589,50,353.834275,1.0
-1.060228,50,355.551248,1.0
-0.856565,50,357.233892,1.0
-1.003833,50,359.128736,1.0
-1.108216,50,361.557731,1.0
-0.864142,50,363.286576,1.0
-0.743376,50,364.948841,1.0
-0.818625,50,366.623636,1.0
-1.077722,50,368.288143,1.0
-0.959336,50,370.014976,1.0
-1.289542,50,371.694979,1.0
-1.020385,50,374.148583,1.0
-1.112362,50,376.071066,1.0
-0.839269,50,377.753574,1.0
-1.259026,50,379.475944,1.0
-1.059607,50,381.17214,1.0
-0.839803,50,382.891849,1.0
-0.951505,50,384.592738,1.0
-1.100199,50,386.882867,1.0
-0.977476,50,388.982319,1.0
-0.787676,50,390.65384,1.0
-0.809018,50,392.301825,1.0
-1.174811,50,393.979758,1.0
-0.950411,50,395.652294,1.0
-0.971419,50,397.315849,1.0
-1.053114,50,399.333505,1.0
-0.786406,50,401.689439,1.0
-1.205015,50,403.388994,1.0
-1.631895,50,405.098893,1.0
-1.744386,50,406.791616,1.0
-1.092193,50,408.467414,1.0
-1.339072,50,410.137676,1.0
-1.313591,50,412.022089,1.0
-0.916849,50,414.49514,1.0
-1.850065,50,416.29241,1.0
-2.161965,50,417.998881,1.0
-0.773011,50,419.682549,1.0
-1.001503,50,421.352579,1.0
-0.850639,50,423.035395,1.0
-1.218953,50,424.696413,1.0
-1.786887,50,427.145828,1.0
-0.79071,50,429.141858,1.0
-1.224406,50,430.857178,1.0
-1.887764,50,432.586552,1.0
-1.025915,50,434.262882,1.0
-0.977436,50,435.960356,1.0
-1.268215,50,437.696985,1.0
-1.099796,50,440.075615,1.0
-1.061338,50,442.194635,1.0
-1.268067,50,443.919767,1.0
-0.927641,50,445.71542,1.0
-0.694918,50,447.464096,1.0
-1.614693,50,449.20439,1.0
-0.979645,50,450.934279,1.0
-0.950793,50,453.327368,1.0
-0.814536,50,455.403798,1.0
-0.912061,50,457.146122,1.0
-1.226955,50,458.857799,1.0
-1.245083,50,460.585212,1.0
-0.926078,50,462.307673,1.0
-0.961802,50,464.019556,1.0
-1.112417,50,466.298055,1.0
-0.926094,50,468.436117,1.0
-1.079548,50,470.110002,1.0
-0.936964,50,471.808604,1.0
-0.823516,50,473.528668,1.0
-0.758708,50,475.20035,1.0
-1.08493,50,476.929579,1.0
-0.983397,50,479.069085,1.0
-1.001271,50,481.337848,1.0
-0.805958,50,483.022757,1.0
-1.487009,50,484.717203,1.0
-1.107929,50,486.417723,1.0
-0.961819,50,488.120218,1.0
-0.841697,50,489.834537,1.0
-0.837556,50,491.839556,1.0
-1.469208,50,494.316855,1.0
-0.914779,50,496.06142,1.0
-1.514865,50,497.81317,1.0
-1.117738,50,499.541017,1.0
-0.698572,50,501.272101,1.0
-0.83093,50,503.04295,1.0
-1.503034,50,505.063853,1.0
-1.33697,50,507.582526,1.0
-1.077274,50,509.298571,1.0
-1.553854,50,511.049186,1.0
-1.516293,50,512.778435,1.0
-0.759479,50,514.507466,1.0
-1.6453,50,517.164802,1.0
-1.414048,50,519.488044,1.0
-1.177291,50,521.615836,1.0
-1.094748,50,523.364559,1.0
-1.113174,50,525.111363,1.0
-1.698209,50,526.836725,1.0
-1.256224,50,528.58752,1.0
-1.207966,50,530.305245,1.0
-0.982152,50,532.644271,1.0
-0.79803,50,534.811063,1.0
-0.865788,50,536.547273,1.0
-1.186948,50,538.276834,1.0
-1.560424,50,540.005992,1.0
-1.028542,50,541.709937,1.0
-0.719705,50,543.433812,1.0
-0.69466,50,545.653663,1.0
-0.75112,50,547.900517,1.0
-0.743069,50,549.697623,1.0
-0.987422,50,551.449941,1.0
-0.704702,50,553.199992,1.0
-0.911169,50,554.978484,1.0
-1.242543,50,556.732708,1.0
-0.838315,50,559.06619,1.0
-1.522034,50,561.342868,1.0
-1.483765,50,563.142792,1.0
-1.078281,50,564.879645,1.0
-1.252412,50,566.667278,1.0
-1.13252,50,568.419039,1.0
-1.174038,50,570.138305,1.0
-0.999415,50,572.503549,1.0
-0.896089,50,574.655364,1.0
-1.132914,50,576.374585,1.0
-1.215187,50,578.134385,1.0
-0.802187,50,579.907421,1.0
-1.027687,50,581.665993,1.0
-1.377932,50,583.422095,1.0
-1.013686,50,585.84673,1.0
-1.10048,50,587.985262,1.0
-0.883502,50,589.722899,1.0
-1.216966,50,591.479714,1.0
-1.113713,50,593.246474,1.0
-0.774906,50,594.982525,1.0
-1.02596,50,596.736086,1.0
-0.814945,50,599.123817,1.0
-1.117638,50,601.252097,1.0
-0.743276,50,603.017539,1.0
-1.081031,50,604.794594,1.0
-0.931394,50,606.570873,1.0
-1.105616,50,608.329104,1.0
-1.095356,50,610.076445,1.0
-1.036045,50,612.49766,1.0
-1.607978,50,614.610049,1.0
-1.206561,50,616.390623,1.0
-1.296658,50,618.188886,1.0
-1.010185,50,620.041687,1.0
-1.308512,50,621.860259,1.0
-0.819776,50,623.674932,1.0
-0.984995,50,626.246761,1.0
-1.064599,50,628.24843,1.0
-0.68301,50,629.960138,1.0
-1.171279,50,631.712804,1.0
-1.518661,50,633.469647,1.0
-0.898059,50,635.190275,1.0
-0.707161,50,636.926055,1.0
-0.726931,50,639.440377,1.0
-0.874285,50,641.409218,1.0
-1.921527,50,643.186013,1.0
-0.745012,50,644.971758,1.0
-1.399753,50,646.74686,1.0
-1.665476,50,648.528338,1.0
-0.942557,50,650.317406,1.0
-1.827191,50,652.938634,1.0
-1.453187,50,654.924713,1.0
-1.212268,50,656.722819,1.0
-1.317631,50,658.488749,1.0
-0.755743,50,660.239392,1.0
-1.511036,50,661.966897,1.0
-0.877332,50,663.739824,1.0
-1.230659,50,666.27336,1.0
-1.086753,50,668.165534,1.0
-0.811447,50,669.906012,1.0
-0.629731,50,671.647433,1.0
-0.910046,50,673.3554,1.0
-1.482023,50,675.096004,1.0
-1.204148,50,676.837996,1.0
-2.20551,50,679.425489,1.0
-1.697154,50,681.40854,1.0
-0.922186,50,683.195565,1.0
-0.979429,50,685.013175,1.0
-1.361779,50,686.816037,1.0
-0.798331,50,688.605994,1.0
-0.616724,50,690.489009,1.0
-1.080846,50,692.973413,1.0
-1.193946,50,694.81631,1.0
-1.100664,50,696.543677,1.0
-1.481784,50,698.268295,1.0
-0.968747,50,700.014059,1.0
-1.348792,50,701.745286,1.0
-1.218375,50,703.564572,1.0
-0.919982,50,706.075266,1.0
-0.820497,50,709.044257,1.0
-1.340973,50,710.807244,1.0
-0.809938,50,712.567029,1.0
-0.864451,50,714.298791,1.0
-0.654579,50,716.053359,1.0
-0.920169,50,718.372498,1.0
-1.968318,50,720.596999,1.0
-0.79145,50,722.318629,1.0
-0.833646,50,724.023768,1.0
-1.523995,50,725.756266,1.0
-1.008255,50,727.462278,1.0
-0.951352,50,729.192396,1.0
-0.980707,50,731.50535,1.0
-1.183886,50,733.777639,1.0
-1.059794,50,735.563147,1.0
-0.7936,50,737.286288,1.0
-1.199879,50,739.064223,1.0
-1.416652,50,740.87508,1.0
-1.298774,50,742.698053,1.0
-1.310951,50,745.101244,1.0
-0.908334,50,747.285351,1.0
-1.069319,50,749.093024,1.0
-1.21164,50,750.854055,1.0
-1.061778,50,752.674243,1.0
-0.780362,50,754.497888,1.0
-0.753694,50,756.281879,1.0
-1.024379,50,758.801596,1.0
-0.589347,50,760.865129,1.0
-1.185743,50,762.629076,1.0
-0.818762,50,764.407896,1.0
-0.905793,50,766.208937,1.0
-0.697802,50,767.95591,1.0
-1.219741,50,769.727346,1.0
-1.101918,50,772.278569,1.0
-0.684279,50,774.225324,1.0
-0.949641,50,775.953616,1.0
-1.191045,50,777.6924,1.0
-1.903236,50,779.465428,1.0
-0.828611,50,781.214081,1.0
-0.957811,50,783.017848,1.0
-1.986076,50,785.570693,1.0
-1.267096,50,787.531535,1.0
-0.994451,50,789.260252,1.0
-0.804386,50,790.999754,1.0
-1.021968,50,792.75517,1.0
-0.92138,50,794.485829,1.0
-1.263307,50,796.230348,1.0
-0.974332,50,798.728534,1.0
-1.088039,50,800.686767,1.0
-0.888612,50,802.453945,1.0
-1.095387,50,804.206418,1.0
-1.773117,50,805.970845,1.0
-0.952517,50,807.722506,1.0
-0.738812,50,809.536961,1.0
-1.203964,50,812.05285,1.0
-0.861523,50,814.050121,1.0
-0.910673,50,815.833208,1.0
-1.29864,50,817.640769,1.0
-1.146662,50,819.410434,1.0
-0.960338,50,821.139303,1.0
-0.882936,50,823.060415,1.0
-1.640488,50,825.660706,1.0
-1.01988,50,827.556369,1.0
-1.423822,50,829.341649,1.0
-1.335027,50,831.13473,1.0
-0.893789,50,832.943444,1.0
-0.77984,50,834.70192,1.0
-1.044987,50,836.676122,1.0
-1.482688,50,839.295603,1.0
-1.242788,50,841.101532,1.0
-1.288558,50,842.866025,1.0
-1.249225,50,844.629188,1.0
-1.042423,50,846.413305,1.0
-1.213973,50,848.213091,1.0
-0.741531,50,850.428131,1.0
-1.063886,50,852.909791,1.0
-0.733488,50,854.6759,1.0
-1.032961,50,856.474446,1.0
-1.336697,50,858.301526,1.0
-1.053456,50,860.071578,1.0
-0.993628,50,861.860798,1.0
-0.912096,50,864.173276,1.0
-0.924915,50,866.474221,1.0
-0.849752,50,868.228456,1.0
-0.856023,50,870.018265,1.0
-0.761595,50,871.762687,1.0
-0.991361,50,873.521693,1.0
-1.230645,50,875.293316,1.0
-0.712867,50,877.580572,1.0
-0.910467,50,879.848052,1.0
-0.85391,50,881.620536,1.0
-0.926299,50,883.379188,1.0
-1.077159,50,885.14294,1.0
-1.063154,50,886.899591,1.0
-0.753232,50,888.650641,1.0
-1.397422,50,890.937068,1.0
-1.246015,50,893.152671,1.0
-1.382828,50,894.884816,1.0
-1.549204,50,896.610814,1.0
-1.113757,50,898.373436,1.0
-1.11602,50,901.097142,1.0
-0.68941,50,903.005367,1.0
-0.892347,50,905.51465,1.0
-0.952545,50,907.254445,1.0
-0.937614,50,909.000483,1.0
-1.191039,50,910.760965,1.0
-0.99324,50,912.522586,1.0
-1.163789,50,914.271507,1.0
-1.057177,50,916.239216,1.0
-0.621485,50,918.762352,1.0
-0.728534,50,920.530264,1.0
-0.913125,50,922.277101,1.0
-0.876305,50,924.01166,1.0
-0.946543,50,925.744033,1.0
-0.832503,50,927.460655,1.0
-0.92538,50,929.352774,1.0
-0.741393,50,931.940933,1.0
-1.006551,50,933.764117,1.0
-1.194641,50,935.534698,1.0
-0.992777,50,937.270136,1.0
-1.143613,50,939.011772,1.0
-0.92749,50,940.745242,1.0
-0.907998,50,942.730327,1.0
-0.925922,50,945.284664,1.0
-1.032818,50,947.078262,1.0
-1.048288,50,948.831416,1.0
-1.054712,50,950.562906,1.0
-0.619062,50,952.302073,1.0
-0.926815,50,954.041911,1.0
-0.917705,50,955.941866,1.0
-1.3311,50,958.474845,1.0
-0.946911,50,960.300273,1.0
-1.086488,50,962.037109,1.0
-1.111465,50,963.779153,1.0
-0.735034,50,965.528065,1.0
-1.259631,50,967.233737,1.0
-1.185376,50,969.173543,1.0
-1.134339,50,971.744446,1.0
-2.236706,50,973.539187,1.0
-1.771741,50,975.288034,1.0
-1.061517,50,977.022895,1.0
-1.236178,50,978.79072,1.0
-0.976107,50,980.580188,1.0
-0.914397,50,982.519349,1.0
-0.859085,50,985.000005,1.0
-0.816217,50,986.77345,1.0
-0.937434,50,988.484132,1.0
-0.753565,50,990.225938,1.0
-0.668143,50,991.942883,1.0
-1.167723,50,993.670345,1.0
-1.074398,50,995.530207,1.0
-0.842661,50,998.01866,1.0
-0.988261,50,999.864723,1.0
-1.04735,50,1001.602692,1.0
-1.044562,50,1003.322439,1.0
-0.797477,50,1005.054891,1.0
-0.980688,50,1006.788276,1.0
-0.921355,50,1008.608945,1.0
-1.142518,50,1011.079213,1.0
-0.983143,50,1013.012659,1.0
-1.312453,50,1014.760901,1.0
-1.129992,50,1016.468177,1.0
-0.77824,50,1018.214573,1.0
-1.101888,50,1019.938948,1.0
-2.36046,50,1021.737072,0.0
-1.338677,50,1024.248336,1.0
-1.66773,50,1026.115676,1.0
-1.309909,50,1027.857882,1.0
-1.036044,50,1029.640184,1.0
-1.068239,50,1031.342221,1.0
-1.588955,50,1033.085483,1.0
-0.934803,50,1034.874017,1.0
-0.630948,50,1037.408529,1.0
-0.987628,50,1039.358521,1.0
-0.649814,50,1041.132337,1.0
-0.942799,50,1042.890068,1.0
-1.178752,50,1044.656469,1.0
-0.981637,50,1046.431132,1.0
-1.514252,50,1048.323276,1.0
-1.188726,50,1050.862493,1.0
-1.591178,50,1052.783584,1.0
-0.807602,50,1054.53863,1.0
-0.730167,50,1056.257874,1.0
-0.587953,50,1057.981775,1.0
-1.037375,50,1059.689896,1.0
-1.013471,50,1061.50785,1.0
-1.095855,50,1064.024657,1.0
-1.182878,50,1065.952119,1.0
-1.280729,50,1067.713585,1.0
-0.928012,50,1069.441982,1.0
-0.764688,50,1071.191817,1.0
-1.282223,50,1072.966074,1.0
-0.957542,50,1074.783583,1.0
-0.705014,50,1077.299459,1.0
-0.741706,50,1079.242496,1.0
-0.567082,50,1081.028866,1.0
-0.98015,50,1082.758393,1.0
-0.979495,50,1084.49023,1.0
-0.710388,50,1086.20905,1.0
-0.777912,50,1088.0105,1.0
-0.898609,50,1091.766263,1.0
-0.769663,50,1093.478506,1.0
-0.988657,50,1095.219617,1.0
-0.984926,50,1096.962401,1.0
-0.763391,50,1098.688683,1.0
-0.825093,50,1100.408225,1.0
-1.138854,50,1102.644933,1.0
-0.58227,50,1104.862066,1.0
-0.989188,50,1106.595645,1.0
-1.059621,50,1108.304591,1.0
-0.985197,50,1110.015636,1.0
-0.91837,50,1111.774278,1.0
-1.578934,50,1113.48446,1.0
-1.535242,50,1115.64841,1.0
-1.294139,50,1117.901095,1.0
-1.084682,50,1119.616169,1.0
-0.949897,50,1121.323389,1.0
-1.694989,50,1123.026536,1.0
-1.740785,50,1124.768459,1.0
-1.035556,50,1126.515659,1.0
-1.264016,50,1128.638017,1.0
-0.849252,50,1130.953434,1.0
-1.048004,50,1132.699493,1.0
-1.064082,50,1134.442523,1.0
-1.297745,50,1136.16906,1.0
-0.753111,50,1137.910077,1.0
-0.838529,50,1139.61636,1.0
-1.157538,50,1141.686241,1.0
-0.842372,50,1144.078871,1.0
-0.680051,50,1145.806578,1.0
-0.695043,50,1147.543194,1.0
-0.984003,50,1149.258927,1.0
-1.197205,50,1151.01798,1.0
-2.109999,50,1152.764914,1.0
-1.632484,50,1154.780309,1.0
-1.101716,50,1157.20057,1.0
-1.82877,50,1158.948346,1.0
-1.080071,50,1160.680373,1.0
-1.135225,50,1162.46091,1.0
-1.719594,50,1164.204921,0.0
-2.048107,50,1165.936943,1.0
-1.419642,50,1167.978967,1.0
-1.717592,50,1170.428116,1.0
-0.829953,50,1172.179504,1.0
-0.892572,50,1173.899549,1.0
-0.760129,50,1175.617641,1.0
-0.735981,50,1177.368352,1.0
-0.955871,50,1179.126572,1.0
-1.16678,50,1181.146909,1.0
-1.121778,50,1183.602421,1.0
-1.050258,50,1185.352079,1.0
-1.212429,50,1187.075602,1.0
-0.710567,50,1188.832357,1.0
-0.550751,50,1190.558707,1.0
-0.921561,50,1192.339201,1.0
-1.326798,50,1194.391798,1.0
-0.77874,50,1196.828132,1.0
-1.10108,50,1198.572364,1.0
-0.922525,50,1200.297976,1.0
-1.584474,50,1202.044258,1.0
-1.083161,50,1203.777429,1.0
-1.118304,50,1205.515038,1.0
-0.982378,50,1207.482163,1.0
-0.904334,50,1209.997078,1.0
-0.909373,50,1211.762661,1.0
-0.940629,50,1213.522112,1.0
-1.076943,50,1215.307377,1.0
-1.340337,50,1217.038405,1.0
-1.299021,50,1218.754431,1.0
-0.928351,50,1220.800031,1.0
-0.981207,50,1223.315432,1.0
-0.708845,50,1225.055512,1.0
-0.992291,50,1226.795596,1.0
-0.582161,50,1228.548526,1.0
-0.795352,50,1230.291785,1.0
-0.893723,50,1232.04401,1.0
-1.751346,50,1234.103426,1.0
-0.867322,50,1236.641949,1.0
-1.093465,50,1238.413138,1.0
-1.056484,50,1240.204653,1.0
-0.984433,50,1241.927735,1.0
-1.748268,50,1243.704185,1.0
-0.640794,50,1245.47326,1.0
-1.932651,50,1247.559141,1.0
-0.784363,50,1249.972116,1.0
-1.044417,50,1251.737918,1.0
-1.127818,50,1253.511281,1.0
-1.125941,50,1255.251961,1.0
-1.410097,50,1256.990528,1.0
-0.989442,50,1258.72492,1.0
-0.901931,50,1260.792044,1.0
-0.900146,50,1263.253385,1.0
-0.965197,50,1264.989225,1.0
-1.007003,50,1266.73193,1.0
-0.757083,50,1268.462341,1.0
-0.84594,50,1270.212099,1.0
-1.050545,50,1271.984493,1.0
-1.155722,50,1274.065483,1.0
-1.565271,50,1276.540798,1.0
-0.700165,50,1278.319752,1.0
-0.756962,50,1281.008473,1.0
-0.799686,50,1282.807037,1.0
-0.930119,50,1284.59561,1.0
-0.93472,50,1286.428771,1.0
-1.69255,50,1289.000125,1.0
-1.519022,50,1290.969872,1.0
-1.158794,50,1292.773336,1.0
-0.992938,50,1294.549022,1.0
-0.96551,50,1296.3604,1.0
-1.739264,50,1298.196955,1.0
-1.038169,50,1300.23588,1.0
-0.744299,50,1302.799774,1.0
-1.033265,50,1304.582586,1.0
-1.159509,50,1306.367209,1.0
-1.077406,50,1308.149837,1.0
-1.185589,50,1309.933401,1.0
-0.863827,50,1311.730613,1.0
-1.117008,50,1313.894395,1.0
-2.119353,50,1316.331394,1.0
-1.462453,50,1318.169891,1.0
-0.721897,50,1319.977823,1.0
-0.780841,50,1321.732142,1.0
-0.958387,50,1323.521812,1.0
-0.593783,50,1325.280522,1.0
-1.221819,50,1327.529083,1.0
-1.198402,50,1329.817367,1.0
-1.098417,50,1331.600087,1.0
-1.257372,50,1333.365713,1.0
-0.867055,50,1335.134928,1.0
-1.184911,50,1336.878972,1.0
-1.646183,50,1338.62686,1.0
-1.18474,50,1340.888782,1.0
-0.963679,50,1343.153744,1.0
-0.873462,50,1344.944725,1.0
-0.908779,50,1346.712295,1.0
-0.657179,50,1348.447703,1.0
-0.898427,50,1350.243714,1.0
-0.821147,50,1352.061353,1.0
-0.751647,50,1354.471863,1.0
-1.152965,50,1356.631696,1.0
-0.909673,50,1358.396787,1.0
-0.819655,50,1360.156748,1.0
-1.386787,50,1361.918224,1.0
-1.00705,50,1363.69174,1.0
-1.562743,50,1365.480245,1.0
-1.016055,50,1367.935774,1.0
-0.854835,50,1370.006484,1.0
-0.984794,50,1371.794908,1.0
-0.684241,50,1373.558926,1.0
-0.755547,50,1375.338821,1.0
-0.796537,50,1377.098992,1.0
-0.732608,50,1378.836321,1.0
-1.400942,50,1381.370555,1.0
-0.945457,50,1383.385673,1.0
-0.922418,50,1385.132319,1.0
-1.369377,50,1386.890661,1.0
-1.32751,50,1388.666314,1.0
-0.933969,50,1390.424985,1.0
-1.033903,50,1392.245461,1.0
-0.749537,50,1394.80501,1.0
-0.81767,50,1396.752964,1.0
-0.873327,50,1398.551835,1.0
-1.131533,50,1400.3287,1.0
-0.873698,50,1402.124043,1.0
-0.851087,50,1403.898391,1.0
-1.49925,50,1405.869031,1.0
-1.034444,50,1408.420633,1.0
-0.755107,50,1410.230528,1.0
-0.903253,50,1412.013758,1.0
-0.936561,50,1413.83046,1.0
-1.017007,50,1415.606714,1.0
-1.148968,50,1417.390822,1.0
-0.932343,50,1419.466373,1.0
-1.674266,50,1421.937088,1.0
-0.871563,50,1423.741125,1.0
-1.111495,50,1425.542884,1.0
-1.29922,50,1427.290803,1.0
-1.148926,50,1429.069619,1.0
-0.880667,50,1430.843553,1.0
-1.059062,50,1433.062809,1.0
-1.236288,50,1435.413096,1.0
-1.484099,50,1437.198765,1.0
-1.487982,50,1438.986058,1.0
-1.069734,50,1440.770762,1.0
-0.70129,50,1442.567242,1.0
-0.709181,50,1444.36211,1.0
-1.049704,50,1446.686594,1.0
-0.831274,50,1448.927424,1.0
-0.730992,50,1450.715827,1.0
-0.642496,50,1452.483069,1.0
-0.827804,50,1454.254111,1.0
-1.125721,50,1456.041832,1.0
-0.887113,50,1457.826121,1.0
-0.915231,50,1460.292635,1.0
-1.382789,50,1462.433271,1.0
-1.485613,50,1464.253401,1.0
-1.06869,50,1466.071072,1.0
-1.911368,50,1467.896404,1.0
-0.838919,50,1469.667156,1.0
-0.788842,50,1471.501227,1.0
-0.945531,50,1475.336731,1.0
-1.303912,50,1477.153821,1.0
-1.613466,50,1478.924558,1.0
-1.504594,50,1480.694299,1.0
-0.624375,50,1482.470843,1.0
-0.623337,50,1484.263581,1.0
-1.164636,50,1486.689544,1.0
-0.866657,50,1488.813828,1.0
-1.343151,50,1490.601714,1.0
-0.904327,50,1492.392344,1.0
-1.02439,50,1494.1877,1.0
-1.192834,50,1495.975206,1.0
-1.050577,50,1497.746884,1.0
-1.034855,50,1500.296957,1.0
-0.71073,50,1502.275003,1.0
-1.109104,50,1504.062647,1.0
-0.721099,50,1505.843117,1.0
-0.884181,50,1507.669245,1.0
-0.780263,50,1509.447123,1.0
-0.994497,50,1511.354982,1.0
-0.911257,50,1513.951494,1.0
-1.091035,50,1515.799526,1.0
-1.172233,50,1517.593617,1.0
-0.872392,50,1519.408082,1.0
-0.65655,50,1521.199753,1.0
-0.797733,50,1523.003951,1.0
-1.848304,50,1525.07969,1.0
-1.153075,50,1527.591131,1.0
-1.410539,50,1529.357176,1.0
-1.084866,50,1531.158185,1.0
-1.268784,50,1532.985213,1.0
-1.042413,50,1534.792068,1.0
-1.006244,50,1536.599064,1.0
-0.920939,50,1538.866193,1.0
-0.8846,50,1541.182641,1.0
-1.177101,50,1543.023789,1.0
-0.683309,50,1544.844247,1.0
-0.764624,50,1546.671391,1.0
-0.838507,50,1548.477968,1.0
-0.72771,50,1550.246804,1.0
-0.554434,50,1552.755783,1.0
-0.932394,50,1554.87736,1.0
-0.962726,50,1556.669083,1.0
-0.638391,50,1558.470301,1.0
-1.064848,50,1560.269648,1.0
-0.611818,50,1562.05037,1.0
-0.801438,50,1563.96006,1.0
-0.618987,50,1566.627055,1.0
-1.421864,50,1568.572922,1.0
-0.620585,50,1570.384265,1.0
-0.811334,50,1572.200179,1.0
-0.92154,50,1574.04161,1.0
-1.323277,50,1575.881231,1.0
-1.186508,50,1578.057133,1.0
-0.96181,50,1580.503245,1.0
-0.72348,50,1582.33297,1.0
-1.822,50,1584.138796,1.0
-0.853629,50,1585.983345,1.0
-0.935643,50,1587.856849,1.0
-1.080074,50,1589.69366,1.0
-1.142197,50,1592.121617,1.0
-0.862542,50,1594.327365,1.0
-0.651964,50,1596.192024,1.0
-0.857298,50,1598.038628,1.0
-0.632893,50,1599.901625,1.0
-0.998135,50,1601.728246,1.0
-0.787849,50,1603.693675,1.0
-0.863843,50,1606.330432,1.0
-0.904348,50,1608.304241,1.0
-1.216562,50,1610.146726,1.0
-1.816957,50,1612.017985,1.0
-0.969915,50,1613.93591,1.0
-0.733394,50,1615.851661,1.0
-1.047464,50,1618.186568,1.0
-1.166469,50,1620.514568,1.0
-0.874234,50,1622.361913,1.0
-0.895587,50,1624.214357,1.0
-0.695255,50,1626.125099,1.0
-0.448467,50,1627.97163,1.0
-0.941242,50,1629.834137,1.0
-0.803212,50,1632.44372,1.0
-1.091321,50,1634.433206,1.0
-0.913464,50,1636.269139,1.0
-1.020611,50,1638.087038,1.0
-0.911842,50,1639.918454,1.0
-1.217907,50,1641.770833,1.0
-1.093273,50,1643.931746,1.0
-0.922957,50,1646.431117,1.0
-0.670929,50,1648.269,1.0
-0.806551,50,1650.114781,1.0
-0.805993,50,1651.942955,1.0
-0.684945,50,1653.757724,1.0
-0.930717,50,1655.633473,1.0
-1.389893,50,1658.053389,1.0
-0.860053,50,1660.297293,1.0
-0.679539,50,1662.129276,1.0
-0.903297,50,1664.040433,1.0
-0.810169,50,1665.898055,1.0
-1.03148,50,1667.747593,1.0
-0.982895,50,1669.698179,1.0
-0.828145,50,1673.422178,1.0
-1.192571,50,1675.282362,1.0
-0.951534,50,1677.14063,1.0
-0.974717,50,1678.966404,1.0
-1.026013,50,1680.799339,1.0
-0.877878,50,1682.63298,1.0
-1.068022,50,1685.279465,1.0
-1.109411,50,1687.319369,1.0
-1.082397,50,1689.160578,1.0
-1.381675,50,1691.022253,1.0
-0.937852,50,1692.881235,1.0
-0.723503,50,1694.707024,1.0
-0.836513,50,1696.838861,1.0
-0.723484,50,1699.359956,1.0
-0.521328,50,1701.188594,1.0
-0.867622,50,1703.011655,1.0
-1.145807,50,1704.846539,1.0
-1.080432,50,1706.729814,1.0
-1.256509,50,1708.600546,1.0
-1.324848,50,1711.002504,1.0
-0.979272,50,1713.254866,1.0
-1.128576,50,1715.203325,1.0
-0.768846,50,1717.039614,1.0
-0.936193,50,1718.863405,1.0
-1.119256,50,1720.6965,1.0
-0.580334,50,1722.635492,1.0
-0.617827,50,1725.271739,1.0
-0.797919,50,1727.180608,1.0
-0.764765,50,1729.036671,1.0
-0.824653,50,1730.866343,1.0
-0.952248,50,1732.759672,1.0
-1.033018,50,1734.586204,1.0
-0.855599,50,1736.832238,1.0
-1.094042,50,1739.308849,1.0
-0.831757,50,1741.183736,1.0
-0.682848,50,1743.019858,1.0
-1.294497,50,1744.88607,1.0
-1.36786,50,1746.765126,1.0
-0.847678,50,1748.615559,1.0
-0.808952,50,1751.17895,1.0
-1.217393,50,1753.285499,1.0
-1.02382,50,1755.134148,1.0
-0.659746,50,1756.999906,1.0
-0.972376,50,1758.847698,1.0
-0.674588,50,1760.674741,1.0
-0.972413,50,1762.776173,1.0
-1.231352,50,1765.351234,1.0
-0.807425,50,1767.177102,1.0
-0.693675,50,1769.01836,1.0
-0.882678,50,1770.854879,1.0
-0.591167,50,1772.698726,1.0
-0.694046,50,1774.526414,1.0
-0.59278,50,1776.925638,1.0
-0.690365,50,1779.24986,1.0
-0.909934,50,1781.117604,1.0
-0.783238,50,1782.972031,1.0
-0.929983,50,1784.822417,1.0
-0.876938,50,1786.682486,1.0
-1.065067,50,1788.669588,1.0
-1.859536,50,1791.362259,1.0
-0.834739,50,1793.386196,1.0
-1.176001,50,1795.249901,1.0
-1.265016,50,1797.124184,1.0
-0.999905,50,1799.051902,1.0
-0.942098,50,1800.884766,1.0
-1.232547,50,1803.235466,1.0
-0.67459,50,1805.569709,1.0
-1.218471,50,1807.449618,1.0
-0.840982,50,1809.306576,1.0
-1.091223,50,1811.199829,1.0
-0.916989,50,1813.058574,1.0
-0.790533,50,1814.982581,1.0
-1.738657,50,1817.669421,1.0
-2.124952,50,1819.665697,1.0
-1.187651,50,1821.54956,1.0
-0.683469,50,1823.385401,1.0
-0.520662,50,1825.245834,1.0
-0.684778,50,1827.108101,1.0
-0.707079,50,1829.386753,1.0
-1.941425,50,1831.81823,1.0
-1.340081,50,1833.673321,1.0
-1.411728,50,1835.548237,1.0
-1.552007,50,1837.458728,1.0
-0.769445,50,1839.434625,1.0
-0.717518,50,1841.455059,1.0
-1.75392,50,1844.237075,1.0
-0.794416,50,1846.22022,1.0
-1.352613,50,1848.112236,0.0
-3.505543,50,1850.025106,1.0
-1.295282,50,1851.943633,1.0
-1.038663,50,1853.862605,1.0
-1.012437,50,1856.301506,1.0
-0.756973,50,1858.60377,1.0
-0.790654,50,1860.462712,1.0
-1.075552,50,1862.368901,1.0
-0.83279,50,1864.245406,1.0
-0.977306,50,1866.137943,1.0
-1.004878,50,1868.169963,1.0
-0.716826,50,1870.849544,1.0
-0.83454,50,1872.78775,1.0
-0.958006,50,1875.713812,1.0
-1.255371,50,1877.566533,1.0
-1.156321,50,1879.452956,1.0
-0.990018,50,1881.534903,1.0
-0.870805,50,1884.156729,1.0
-0.90304,50,1886.039668,1.0
-0.607226,50,1887.89214,1.0
-0.904403,50,1889.771633,1.0
-0.784418,50,1891.639755,1.0
-0.968974,50,1893.495513,1.0
-0.977475,50,1895.909683,1.0
-1.202626,50,1898.226124,1.0
-1.252668,50,1900.104989,1.0
-0.87559,50,1901.964424,1.0
-0.523204,50,1903.824481,1.0
-0.915549,50,1905.729538,1.0
-0.967639,50,1907.718207,1.0
-0.762576,50,1910.444512,1.0
-0.512258,50,1912.348776,1.0
-1.00593,50,1914.240374,1.0
-0.821596,50,1916.109835,1.0
-0.910766,50,1917.995025,1.0
-0.849241,50,1919.868648,1.0
-0.952155,50,1922.262961,1.0
-0.703475,50,1924.606268,1.0
-1.310186,50,1926.517854,1.0
-0.587004,50,1928.398474,1.0
-0.816767,50,1930.320208,1.0
-0.613337,50,1932.234465,1.0
-0.828951,50,1934.298259,1.0
-0.867083,50,1936.992245,1.0
-1.44434,50,1938.932471,1.0
-0.954205,50,1940.837424,1.0
-0.806788,50,1942.728055,1.0
-0.826308,50,1944.631624,1.0
-0.898708,50,1946.521881,1.0
-1.097976,50,1948.96575,1.0
-0.939217,50,1951.221033,1.0
-1.379685,50,1953.091456,1.0
-1.109606,50,1954.956699,1.0
-1.034339,50,1956.868464,1.0
-0.792189,50,1958.724139,1.0
-0.79567,50,1960.788864,1.0
-1.829755,50,1963.449511,1.0
-1.220268,50,1965.342834,1.0
-1.22239,50,1967.230364,1.0
-0.538723,50,1969.114846,1.0
-1.25125,50,1971.017921,1.0
-0.71361,50,1972.949454,1.0
-0.71789,50,1975.41974,1.0
-0.928003,50,1977.646308,1.0
-0.852852,50,1979.524851,1.0
-1.166201,50,1981.390652,1.0
-0.999676,50,1983.277072,1.0
-0.813139,50,1985.164973,1.0
-0.724496,50,1987.275813,1.0
-0.993522,50,1989.910348,1.0
-0.993788,50,1991.769652,1.0
-0.968704,50,1993.661647,1.0
-0.796189,50,1995.521502,1.0
-0.695785,50,1997.389509,1.0
-1.08181,50,1999.309638,1.0
-0.846076,50,2001.794643,1.0
-1.535653,50,2004.093263,1.0
-0.571252,50,2005.979641,1.0
-0.792539,50,2007.877795,1.0
-1.31364,50,2009.783917,1.0
-1.038658,50,2011.666356,1.0
-1.877785,50,2013.82923,1.0
-1.026835,50,2016.41847,1.0
-0.649044,50,2018.314179,1.0
-0.845781,50,2020.221579,1.0
-0.8619,50,2022.106289,1.0
-0.589125,50,2024.001359,1.0
-0.860908,50,2025.88364,1.0
-0.778014,50,2028.477232,1.0
-0.752323,50,2030.653921,1.0
-0.884861,50,2032.611291,1.0
-1.131941,50,2034.554052,1.0
-0.507352,50,2036.497825,1.0
-0.892161,50,2038.422771,1.0
-0.701996,50,2040.764792,1.0
-0.864344,50,2043.212591,1.0
-1.225651,50,2045.093026,1.0
-1.486336,50,2047.002703,1.0
-0.995557,50,2048.930051,1.0
-1.110267,50,2050.854155,1.0
-0.980798,50,2052.840676,1.0
-0.727988,50,2055.551087,1.0
-0.752308,50,2057.484849,1.0
-0.756956,50,2059.370666,1.0
-0.804483,50,2061.279634,1.0
-0.636011,50,2063.18896,1.0
-1.530353,50,2065.118232,1.0
-0.816909,50,2067.579497,1.0
-0.765203,50,2069.857556,1.0
-1.050854,50,2071.759527,1.0
-0.941241,50,2073.64244,1.0
-0.819138,50,2075.494865,1.0
-1.577417,50,2077.571321,1.0
-0.74187,50,2081.036293,1.0
-1.440632,50,2083.248971,1.0
-0.834128,50,2085.164536,1.0
-1.181355,50,2087.074943,1.0
-0.754967,50,2088.965866,1.0
-0.852061,50,2090.886954,1.0
-1.838277,50,2093.196375,1.0
-0.848052,50,2095.709675,1.0
-0.904486,50,2097.594409,1.0
-1.104143,50,2099.469607,1.0
-1.953899,50,2101.39113,1.0
-0.633812,50,2103.304046,1.0
-0.740064,50,2105.207764,1.0
-0.777323,50,2107.948829,1.0
-0.76662,50,2110.04201,1.0
-0.824605,50,2111.971943,1.0
-1.703553,50,2113.919403,1.0
-1.169299,50,2115.857218,1.0
-0.701002,50,2117.765732,1.0
-0.558675,50,2120.201167,1.0
-0.590773,50,2122.563051,1.0
-0.590379,50,2124.493215,1.0
-0.701097,50,2126.399868,1.0
-1.476941,50,2128.326359,1.0
-0.651823,50,2130.249262,1.0
-0.947684,50,2132.410734,1.0
-0.917288,50,2135.09838,1.0
-1.063771,50,2137.080681,1.0
-0.733551,50,2139.033658,1.0
-1.15838,50,2140.95051,1.0
-0.797936,50,2142.883394,1.0
-1.023475,50,2144.814982,1.0
-0.941512,50,2147.580469,1.0
-1.281861,50,2149.596338,1.0
-1.925063,50,2151.505564,1.0
-0.947685,50,2153.43213,1.0
-0.692903,50,2155.343119,1.0
-1.193817,50,2157.272516,1.0
-0.525075,50,2159.688326,1.0
-0.838516,50,2162.018057,1.0
-0.735399,50,2163.918031,1.0
-0.746024,50,2165.857786,1.0
-0.855172,50,2167.780766,1.0
-0.962784,50,2169.738257,1.0
-1.143177,50,2171.907001,1.0
-1.012734,50,2174.539137,1.0
-1.056623,50,2176.433421,1.0
-0.789564,50,2178.339185,1.0
-0.757273,50,2180.263763,1.0
-0.634783,50,2182.182964,1.0
-1.849358,50,2184.116482,1.0
-0.858718,50,2186.773709,1.0
-1.702718,50,2188.902144,1.0
-0.649272,50,2190.812491,1.0
-1.249701,50,2192.748757,0.0
-1.655083,50,2194.66835,1.0
-0.905687,50,2196.579718,1.0
-0.683818,50,2198.932269,1.0
-0.666854,50,2201.35975,1.0
-0.986061,50,2203.286454,1.0
-0.71611,50,2205.223687,1.0
-1.159462,50,2207.133463,1.0
-1.040773,50,2209.039864,1.0
-1.845124,50,2211.124136,1.0
-0.604115,50,2213.861479,1.0
-1.12491,50,2215.80281,1.0
-0.875676,50,2217.7237,1.0
-1.190708,50,2219.641619,1.0
-1.059766,50,2221.540723,1.0
-1.105169,50,2223.451619,1.0
-1.616826,50,2226.060447,1.0
-1.351976,50,2228.269519,1.0
-1.012044,50,2230.245309,1.0
-0.872859,50,2232.163321,1.0
-0.838057,50,2234.106038,1.0
-0.806823,50,2236.064538,1.0
-1.378909,50,2238.485296,1.0
-1.013799,50,2240.945714,1.0
-0.786231,50,2242.904147,1.0
-0.792983,50,2244.865532,1.0
-0.955477,50,2246.786276,1.0
-0.712379,50,2248.743595,1.0
-1.014361,50,2250.961444,1.0
-0.707728,50,2253.630217,1.0
-0.633817,50,2255.601244,1.0
-0.937078,50,2257.545709,1.0
-0.773599,50,2259.509627,1.0
-0.830431,50,2261.475851,1.0
-0.819503,50,2263.468148,1.0
-0.639513,50,2266.261279,1.0
-0.576636,50,2268.354009,1.0
-0.456139,50,2270.378864,1.0
-0.903256,50,2272.393627,1.0
-0.831183,50,2274.357575,1.0
-0.683303,50,2276.313935,1.0
-0.645744,50,2279.044279,1.0
-0.839802,50,2281.207545,1.0
-0.918941,50,2283.171371,1.0
-1.205844,50,2285.111585,1.0
-0.92911,50,2287.067956,1.0
-0.795362,50,2290.209959,1.0
-2.032357,50,2292.990774,1.0
-0.911394,50,2294.993259,1.0
-0.961779,50,2296.959671,1.0
-0.865957,50,2298.996126,1.0
-0.719932,50,2300.993006,1.0
-0.836803,50,2303.029991,1.0
-0.689573,50,2305.8717,1.0
-0.691769,50,2307.925622,1.0
-0.678332,50,2309.882467,1.0
-1.282856,50,2311.845006,1.0
-1.088906,50,2313.830118,1.0
-0.71351,50,2315.800317,1.0
-1.455221,50,2318.502538,1.0
-1.48135,50,2320.7872,1.0
-0.895554,50,2322.788014,1.0
-0.636492,50,2324.773422,1.0
-0.687058,50,2326.76012,1.0
-0.810478,50,2328.754364,1.0
-1.250613,50,2331.375135,1.0
-0.851376,50,2333.778025,1.0
-0.962577,50,2335.790698,1.0
-0.664986,50,2337.785726,1.0
-0.812285,50,2339.785089,1.0
-0.82116,50,2341.772316,1.0
-0.676965,50,2344.226759,1.0
-0.953893,50,2346.70148,1.0
-0.792129,50,2348.719288,1.0
-0.744708,50,2350.751753,1.0
-1.170127,50,2352.731081,1.0
-0.993442,50,2354.744311,1.0
-0.808739,50,2357.182141,1.0
-1.700191,50,2359.755423,1.0
-0.947693,50,2361.766095,1.0
-1.265823,50,2363.79809,1.0
-0.74013,50,2365.824718,1.0
-0.755382,50,2367.823458,1.0
-0.869446,50,2370.196291,1.0
-0.807565,50,2372.734137,1.0
-0.948083,50,2374.70714,1.0
-0.728218,50,2376.704257,1.0
-0.848898,50,2378.70697,1.0
-0.917202,50,2380.746356,1.0
-0.872497,50,2383.03853,1.0
-0.744161,50,2385.67102,1.0
-0.999767,50,2387.669655,1.0
-0.850256,50,2389.641808,1.0
-1.264098,50,2391.632095,1.0
-1.187396,50,2393.647319,1.0
-0.813946,50,2395.81854,1.0
-0.695519,50,2398.605416,1.0
-0.684256,50,2400.624461,1.0
-1.137078,50,2402.639467,1.0
-1.058424,50,2404.653032,1.0
-1.164154,50,2406.74319,1.0
-0.878965,50,2408.935929,1.0
-1.2094,50,2411.751845,1.0
-1.242034,50,2413.745579,1.0
-0.678231,50,2415.754457,1.0
-1.042328,50,2417.764391,1.0
-0.811901,50,2419.805289,1.0
-0.781936,50,2421.994738,1.0
-0.898461,50,2424.962285,1.0
-0.55235,50,2427.015876,1.0
-0.995692,50,2429.066267,1.0
-0.565098,50,2431.088023,1.0
-1.599273,50,2433.141336,1.0
-0.604148,50,2435.308245,1.0
-0.808122,50,2438.241923,1.0
-0.897692,50,2440.377403,1.0
-0.768351,50,2442.400065,1.0
-0.762323,50,2444.458506,1.0
-0.522562,50,2446.501825,1.0
-0.606716,50,2448.749817,1.0
-0.929585,50,2451.544129,1.0
-0.693747,50,2453.584701,1.0
-1.033971,50,2455.602942,1.0
-0.505716,50,2457.623047,1.0
-0.573916,50,2459.618713,1.0
-0.850796,50,2461.759786,1.0
-0.580528,50,2464.566622,1.0
-1.039363,50,2466.6004,1.0
-0.886716,50,2468.612753,1.0
-0.727168,50,2470.649393,1.0
-0.428507,50,2472.649825,1.0
-0.505263,50,2474.726298,1.0
-0.588853,50,2477.591947,1.0
-0.74218,50,2479.641383,1.0
-0.949343,50,2481.677812,1.0
-1.189768,50,2483.669649,1.0
-1.152092,50,2485.669348,1.0
-1.474596,50,2487.674265,1.0
-1.873066,50,2490.555454,1.0
-0.732993,50,2492.624738,1.0
-0.844618,50,2494.599316,1.0
-0.932199,50,2496.605582,1.0
-0.793159,50,2498.622766,1.0
-0.510906,50,2500.63835,1.0
-0.610631,50,2503.387874,1.0
-0.799909,50,2505.57388,1.0
-0.64276,50,2508.483078,1.0
-0.472717,50,2510.494091,1.0
-0.857428,50,2512.52364,1.0
-0.611105,50,2514.766714,1.0
-0.739891,50,2517.479008,1.0
-0.797107,50,2519.490555,1.0
-1.699855,50,2521.48888,1.0
-1.628347,50,2523.477281,1.0
-1.158307,50,2525.463045,1.0
-1.021361,50,2527.607532,1.0
-0.650069,50,2530.436224,1.0
-0.729339,50,2532.515456,1.0
-0.458837,50,2534.554534,1.0
-0.78124,50,2536.565699,1.0
-0.905832,50,2538.573354,1.0
-0.965398,50,2540.701416,1.0
-0.73547,50,2543.585641,1.0
-0.947391,50,2545.619987,1.0
-0.914771,50,2547.637773,1.0
-0.745872,50,2549.62524,1.0
-0.653485,50,2551.63727,1.0
-0.776969,50,2553.755081,1.0
-1.870814,50,2556.637306,1.0
-1.465042,50,2558.661146,1.0
-1.101922,50,2560.710557,1.0
-0.927541,50,2562.804832,1.0
-0.907556,50,2564.878103,1.0
-0.777886,50,2567.034795,1.0
-0.887663,50,2569.992219,1.0
-1.05478,50,2572.076305,1.0
-1.13604,50,2574.160613,1.0
-1.812957,50,2576.23406,1.0
-0.660065,50,2578.31344,1.0
-0.541163,50,2580.537459,1.0
-0.719758,50,2583.338636,1.0
-0.768149,50,2585.345398,1.0
-0.641584,50,2587.411315,1.0
-1.338747,50,2589.502408,1.0
-0.718424,50,2591.540096,1.0
-0.830105,50,2593.812536,1.0
-0.916877,50,2596.593861,1.0
-1.005371,50,2598.619083,1.0
-0.720711,50,2600.645345,1.0
-0.946495,50,2602.684715,1.0
-0.776533,50,2604.729995,1.0
-0.612003,50,2606.929508,1.0
-0.882727,50,2609.731212,1.0
-0.842458,50,2611.757321,1.0
-0.531218,50,2613.836936,1.0
-0.568413,50,2615.879866,1.0
-0.784338,50,2617.907945,1.0
-1.120578,50,2620.199459,1.0
-1.162187,50,2623.039672,1.0
-1.062659,50,2625.155532,1.0
-0.733611,50,2627.200697,1.0
-0.703263,50,2629.238984,1.0
-1.632841,50,2631.290586,1.0
-1.340347,50,2633.628323,1.0
-1.04816,50,2636.397801,1.0
-0.61119,50,2638.451887,1.0
-0.58992,50,2640.488205,1.0
-0.822849,50,2642.493497,1.0
-0.9139,50,2644.531897,1.0
-1.011603,50,2646.84065,1.0
-1.10444,50,2649.590442,1.0
-0.684411,50,2651.610735,1.0
-0.629171,50,2653.661545,1.0
-0.678733,50,2655.690228,1.0
-1.259238,50,2657.728967,1.0
-0.76411,50,2660.069367,1.0
-0.774032,50,2662.875635,1.0
-0.834662,50,2664.98211,1.0
-0.696865,50,2667.050879,1.0
-0.864029,50,2669.090075,1.0
-0.862581,50,2671.11998,1.0
-0.718039,50,2673.500086,1.0
-0.761125,50,2676.138577,1.0
-0.591921,50,2678.138702,1.0
-1.053243,50,2680.176255,1.0
-1.863507,50,2682.19404,1.0
-1.527337,50,2684.265129,1.0
-1.169176,50,2686.605979,1.0
-0.896938,50,2689.246971,1.0
-1.168165,50,2691.255445,1.0
-0.71468,50,2693.29973,1.0
-1.237003,50,2695.369898,1.0
-0.652215,50,2697.393487,1.0
-0.729769,50,2699.702739,1.0
-1.687803,50,2702.390482,1.0
-0.613031,50,2704.391143,1.0
-1.029701,50,2706.395429,1.0
-1.445623,50,2708.444357,1.0
-1.460145,50,2710.498444,1.0
-1.128482,50,2712.828385,1.0
-0.841937,50,2715.547431,1.0
-0.836471,50,2717.576077,1.0
-1.052293,50,2719.615866,1.0
-0.847502,50,2721.650187,1.0
-1.727384,50,2723.680377,1.0
-1.037981,50,2726.006751,1.0
-1.026093,50,2729.845713,1.0
-0.717045,50,2731.884445,1.0
-0.929462,50,2733.912996,1.0
-0.564399,50,2735.916931,1.0
-0.687358,50,2737.971302,1.0
-1.169669,50,2740.742108,1.0
-1.291682,50,2743.01431,1.0
-1.234046,50,2745.138604,1.0
-0.921973,50,2747.177049,1.0
-0.619235,50,2749.204782,1.0
-0.906299,50,2751.25365,1.0
-1.033375,50,2754.126925,1.0
-0.788364,50,2756.328759,1.0
-0.632636,50,2758.36936,1.0
-0.459425,50,2760.383135,1.0
-1.568537,50,2762.414934,1.0
-0.7346,50,2764.418655,1.0
-0.591448,50,2767.168803,1.0
-1.567313,50,2769.470434,1.0
-0.954768,50,2771.508486,1.0
-1.094552,50,2773.569329,1.0
-0.744563,50,2775.625792,1.0
-0.689549,50,2777.619991,1.0
-0.880294,50,2780.397212,1.0
-1.288666,50,2782.634742,1.0
-0.938812,50,2784.677742,1.0
-1.723712,50,2786.71574,1.0
-0.665532,50,2788.752548,1.0
-0.944089,50,2790.788247,1.0
-0.790401,50,2793.556076,1.0
-1.169993,50,2795.861634,1.0
-0.787466,50,2797.903566,1.0
-0.707075,50,2799.938011,1.0
-0.66228,50,2801.994338,1.0
-1.826977,50,2804.083471,1.0
-0.550122,50,2806.897892,1.0
-0.805075,50,2809.086653,1.0
-0.659068,50,2811.106414,1.0
-0.871659,50,2813.20644,1.0
-0.712722,50,2815.251556,1.0
-0.581054,50,2817.297152,1.0
-0.744313,50,2820.191932,1.0
-1.048408,50,2822.367702,1.0
-1.083946,50,2824.37284,1.0
-0.836479,50,2826.404514,1.0
-3.55717,50,2828.451752,0.0
-7.352924,50,2830.487339,0.0
-2.077157,50,2833.332573,1.0
-1.117377,50,2835.509754,1.0
-1.088338,50,2837.515191,1.0
-0.72564,50,2839.587954,1.0
-0.769515,50,2841.653052,1.0
-0.995554,50,2843.673547,1.0
-0.769473,50,2846.51471,1.0
-0.750813,50,2848.67461,1.0
-0.716912,50,2850.682922,1.0
-0.788916,50,2852.694446,1.0
-0.653081,50,2854.719548,1.0
-0.996254,50,2856.75376,1.0
-1.570611,50,2859.592059,1.0
-0.504988,50,2861.830086,1.0
-0.85002,50,2863.886081,1.0
-0.575127,50,2865.93163,1.0
-0.709693,50,2867.940806,1.0
-1.377559,50,2869.958849,1.0
-1.255637,50,2872.834053,1.0
-1.185569,50,2875.077939,1.0
-0.84146,50,2877.103665,1.0
-0.889146,50,2879.135428,1.0
-1.024348,50,2881.166085,1.0
-0.986989,50,2883.176011,1.0
-0.785855,50,2885.98562,1.0
-1.969308,50,2888.201893,1.0
-0.735432,50,2890.252784,1.0
-2.822296,50,2892.272736,0.0
-1.509302,50,2894.319782,1.0
-1.537871,50,2896.373482,1.0
-1.098681,50,2899.173993,1.0
-0.711969,50,2901.414285,1.0
-0.796846,50,2903.552667,1.0
-0.841243,50,2905.636055,1.0
-0.914452,50,2907.692795,1.0
-0.765743,50,2909.718893,1.0
-1.151864,50,2912.654223,1.0
-0.659564,50,2914.828927,1.0
-1.526831,50,2916.869044,1.0
-0.879176,50,2918.922767,1.0
-0.712993,50,2920.95273,1.0
-0.567447,50,2923.038038,1.0
-0.684219,50,2925.962937,1.0
-0.724322,50,2928.136706,1.0
-0.956622,50,2930.200848,1.0
-0.675843,50,2932.290523,1.0
-0.709288,50,2934.337184,1.0
-0.677561,50,2936.447344,1.0
-0.685186,50,2939.3869,1.0
-0.476378,50,2941.423264,1.0
-0.940834,50,2943.495559,1.0
-0.579475,50,2945.567901,1.0
-0.941877,50,2947.721266,1.0
-1.026553,50,2951.340999,1.0
-1.101027,50,2953.769194,1.0
-0.889061,50,2955.839977,1.0
-0.87936,50,2957.889038,1.0
-0.673402,50,2959.969598,1.0
-0.674824,50,2962.022964,1.0
-0.886945,50,2964.778557,1.0
-0.813059,50,2967.131673,1.0
-0.515402,50,2969.180742,1.0
-0.534734,50,2971.219925,1.0
-0.82894,50,2973.262887,1.0
-0.908681,50,2975.304474,1.0
-0.934822,50,2978.028859,1.0
-1.777861,50,2980.413652,0.0
-1.218803,50,2982.466289,1.0
-0.962959,50,2984.515464,1.0
-0.950201,50,2986.627472,1.0
-0.776854,50,2988.697783,1.0
-0.585617,50,2991.540318,1.0
-0.735928,50,2993.918014,1.0
-0.748402,50,2995.99047,1.0
-0.882238,50,2998.047704,1.0
-0.92502,50,3000.072947,1.0
-0.780095,50,3002.100005,1.0
-0.7358,50,3004.963726,1.0
-0.991269,50,3007.174684,1.0
-0.819008,50,3009.224258,1.0
-1.158226,50,3011.266284,1.0
-2.515314,50,3013.300422,0.0
-2.133863,50,3015.336076,1.0
-1.161613,50,3018.226338,1.0
-0.996388,50,3020.407839,1.0
-0.584021,50,3022.413131,1.0
-0.732821,50,3024.460099,1.0
-0.896387,50,3026.517421,1.0
-0.801916,50,3028.550712,1.0
-0.817699,50,3031.421136,1.0
-0.438285,50,3033.575396,1.0
-0.76417,50,3035.617923,1.0
-0.586952,50,3037.624289,1.0
-0.820683,50,3039.654837,1.0
-0.871301,50,3041.695206,1.0
-0.867585,50,3044.579686,1.0
-0.47706,50,3046.754688,1.0
-0.511498,50,3048.838572,1.0
-0.602827,50,3050.878476,1.0
-0.639582,50,3052.955609,1.0
-1.503733,50,3055.04218,1.0
-0.869211,50,3057.985032,1.0
-0.569842,50,3060.06872,1.0
-1.025232,50,3062.088326,1.0
-0.725952,50,3064.120551,1.0
-0.929663,50,3066.144503,1.0
-0.985832,50,3068.186284,1.0
-1.138278,50,3071.140766,1.0
-0.704828,50,3073.194406,1.0
-0.74905,50,3075.227115,1.0
-0.799112,50,3077.266546,1.0
-0.652007,50,3079.323663,1.0
-0.990539,50,3081.407763,1.0
-0.804649,50,3084.317174,1.0
-0.721511,50,3086.376562,1.0
-0.498706,50,3088.422027,1.0
-0.602895,50,3090.435924,1.0
-0.522123,50,3092.467314,1.0
-0.592087,50,3094.511434,1.0
-0.875676,50,3097.429252,1.0
-0.689777,50,3099.52014,1.0
-0.941889,50,3101.57941,1.0
-0.635003,50,3103.614844,1.0
-0.460876,50,3105.664038,1.0
-0.862661,50,3107.762887,1.0
-0.678653,50,3110.638654,1.0
-1.382595,50,3112.7051,1.0
-2.027475,50,3114.743024,1.0
-1.511482,50,3116.768405,1.0
-0.572509,50,3118.784721,1.0
-0.704794,50,3120.832835,1.0
-0.795617,50,3123.756056,1.0
-0.871778,50,3125.829374,1.0
-0.807141,50,3127.868037,1.0
-1.574035,50,3129.956139,1.0
-0.85553,50,3131.996794,1.0
-1.009119,50,3134.115964,1.0
-1.407499,50,3137.065227,1.0
-2.585677,50,3139.130087,1.0
-1.237511,50,3141.204734,1.0
-1.166333,50,3143.303023,1.0
-0.71168,50,3145.379561,1.0
-0.608197,50,3147.671532,1.0
-1.724854,50,3150.625413,1.0
-0.981538,50,3152.883671,1.0
-0.892522,50,3154.949506,1.0
-0.761485,50,3157.02982,1.0
-1.23077,50,3159.074522,1.0
-0.741279,50,3161.510104,1.0
-0.818421,50,3164.174949,1.0
-1.309652,50,3166.248125,1.0
-0.618,50,3168.29758,1.0
-0.7096,50,3170.323698,1.0
-1.249354,50,3173.473421,1.0
-0.82227,50,3176.462409,1.0
-0.657581,50,3178.579404,1.0
-0.601584,50,3180.613371,1.0
-0.753323,50,3182.644455,1.0
-0.983939,50,3184.697204,1.0
-0.656778,50,3186.790743,1.0
-0.602752,50,3189.788792,1.0
-0.653105,50,3191.930092,1.0
-1.39567,50,3194.03654,1.0
-1.50233,50,3196.118478,1.0
-1.139751,50,3198.26053,1.0
-1.2372,50,3200.624122,1.0
-0.857067,50,3203.575878,1.0
-0.625684,50,3205.690762,1.0
-0.69735,50,3207.781853,1.0
-0.66797,50,3209.876598,1.0
-0.694615,50,3211.984045,1.0
-0.986091,50,3214.500561,1.0
-0.909108,50,3217.226732,1.0
-0.79393,50,3219.3311,1.0
-0.698299,50,3221.43096,1.0
-0.499589,50,3223.656856,1.0
-0.874224,50,3225.798954,1.0
-0.931504,50,3228.555137,1.0
-0.677427,50,3230.989234,1.0
-0.562139,50,3233.14644,1.0
-0.69824,50,3235.252312,1.0
-0.693081,50,3237.326421,1.0
-1.002341,50,3239.366146,1.0
-0.598198,50,3242.179191,1.0
-0.478056,50,3244.448577,1.0
-0.620178,50,3246.515053,1.0
-0.609854,50,3248.567396,1.0
-0.88648,50,3250.641565,1.0
-1.591334,50,3252.707507,1.0
-1.072914,50,3255.657366,1.0
-0.751041,50,3257.89211,1.0
-0.770522,50,3260.003718,1.0
-0.727561,50,3262.086314,1.0
-0.717084,50,3264.165683,1.0
-0.894072,50,3266.293809,1.0
-0.892125,50,3269.240082,1.0
-0.862327,50,3271.318312,1.0
-0.615763,50,3273.382784,1.0
-0.676102,50,3275.444377,1.0
-0.815829,50,3277.491366,1.0
-0.874621,50,3279.703225,1.0
-0.873946,50,3282.573375,1.0
-0.53501,50,3284.63252,1.0
-0.555234,50,3286.678545,1.0
-0.997455,50,3288.77653,1.0
-1.129146,50,3290.837612,1.0
-0.837584,50,3293.147031,1.0
-0.532425,50,3295.960071,1.0
-0.811566,50,3298.019357,1.0
-0.750994,50,3300.074449,1.0
-1.168397,50,3302.122276,1.0
-1.28907,50,3304.156641,1.0
-0.861908,50,3306.472537,1.0
-0.701388,50,3309.228905,1.0
-0.841341,50,3311.294473,1.0
-1.015775,50,3313.362613,1.0
-0.818329,50,3315.444933,1.0
-0.5129,50,3317.516111,1.0
-0.660234,50,3319.959002,1.0
-0.517843,50,3322.667852,1.0
-0.616519,50,3324.761657,1.0
-0.808956,50,3326.836089,1.0
-0.88762,50,3328.880547,1.0
-0.563733,50,3330.903916,1.0
-0.549235,50,3333.356905,1.0
-0.560424,50,3336.00221,1.0
-0.687865,50,3338.060834,1.0
-0.686888,50,3340.136764,1.0
-0.927326,50,3342.222024,1.0
-1.959783,50,3344.329047,1.0
-0.885894,50,3346.896858,1.0
-0.755064,50,3349.494693,1.0
-0.696746,50,3351.585215,1.0
-0.621684,50,3353.750586,1.0
-1.152707,50,3355.864828,1.0
-0.91602,50,3357.992388,1.0
-0.690863,50,3360.721509,1.0
-0.691589,50,3363.116292,1.0
-0.493929,50,3365.21172,1.0
-0.806548,50,3367.270525,1.0
-0.58546,50,3369.370262,1.0
-0.9337,50,3371.457126,1.0
-0.58196,50,3374.344831,1.0
-0.500177,50,3376.593276,1.0
-0.994039,50,3378.670273,1.0
-0.823412,50,3380.740018,1.0
-1.390946,50,3382.81194,0.0
-7.450449,50,3384.891036,0.0
-10.877511,50,3387.859177,0.0
-10.008276,50,3390.021299,0.0
-8.312716,50,3392.075019,0.0
-5.690817,50,3394.122137,0.0
-3.148442,50,3396.176492,0.0
-1.949673,50,3399.638837,1.0
-1.799088,50,3402.2224,1.0
-1.230292,50,3404.29864,1.0
-1.037569,50,3406.353381,1.0
-1.294304,50,3408.421232,1.0
-1.258564,50,3410.502675,1.0
-0.966592,50,3413.124888,1.0
-0.619068,50,3415.628426,1.0
-0.839432,50,3417.670108,1.0
-1.28978,50,3419.736988,1.0
-0.740574,50,3421.792964,1.0
-0.631565,50,3423.83204,1.0
-0.740758,50,3426.508977,1.0
-0.639121,50,3428.911803,1.0
-0.84885,50,3430.966663,1.0
-0.868024,50,3433.024919,1.0
-0.578491,50,3435.105553,1.0
-0.728234,50,3437.186628,1.0
-0.922431,50,3439.960805,1.0
-0.561901,50,3442.216146,1.0
-1.021097,50,3444.296336,1.0
-0.569047,50,3446.366751,1.0
-1.726435,50,3448.434546,1.0
-1.38174,50,3450.504136,1.0
-1.141565,50,3453.476884,1.0
-1.928192,50,3455.612584,1.0
-0.727958,50,3457.687943,1.0
-0.70225,50,3459.76765,1.0
-1.695254,50,3461.838801,1.0
-0.769381,50,3464.055049,1.0
-0.484151,50,3466.82677,1.0
-0.712283,50,3468.885028,1.0
-0.595842,50,3470.961455,1.0
-0.612038,50,3473.059496,1.0
-0.640469,50,3475.125049,1.0
-0.924546,50,3477.552471,1.0
-0.757014,50,3480.120668,1.0
-0.824733,50,3482.172689,1.0
-0.648434,50,3484.214543,1.0
-0.877192,50,3486.297069,1.0
-0.65102,50,3488.36149,1.0
-0.719196,50,3490.899377,1.0
-0.791995,50,3493.373686,1.0
-0.919098,50,3495.442741,1.0
-0.78062,50,3497.515017,1.0
-1.224871,50,3499.659436,1.0
-2.002909,50,3501.796008,1.0
-0.911505,50,3504.654808,1.0
-0.442363,50,3506.888304,1.0
-0.72911,50,3508.967762,1.0
-0.689256,50,3511.002222,1.0
-0.619144,50,3513.047585,1.0
-0.421396,50,3515.101445,1.0
-0.877689,50,3518.022468,1.0
-0.812855,50,3520.066379,1.0
-1.712149,50,3522.137304,1.0
-0.982394,50,3524.205641,1.0
-0.756804,50,3526.237445,1.0
-0.454848,50,3528.426635,1.0
-0.555409,50,3531.25085,1.0
-0.824707,50,3533.334741,1.0
-0.971331,50,3535.395314,1.0
-0.713015,50,3537.450888,1.0
-0.650632,50,3539.520261,1.0
-0.981339,50,3541.900183,1.0
-0.802874,50,3544.539296,1.0
-0.634025,50,3546.635109,1.0
-0.532524,50,3548.674817,1.0
-1.244218,50,3550.740965,1.0
-0.668754,50,3552.825252,1.0
-0.714388,50,3555.425503,1.0
-0.587047,50,3557.888127,1.0
-0.778421,50,3559.949039,1.0
-0.606778,50,3562.005981,1.0
-0.835319,50,3564.094309,1.0
-0.615718,50,3566.176069,1.0
-0.730953,50,3568.920164,1.0
-1.237505,50,3571.174327,1.0
-0.68293,50,3573.236208,1.0
-0.56128,50,3575.327304,1.0
-0.663992,50,3577.418728,1.0
-0.888433,50,3579.496732,1.0
-0.98708,50,3582.42234,1.0
-1.065832,50,3584.51198,1.0
-0.755888,50,3586.604668,1.0
-0.812635,50,3588.722388,1.0
-0.515323,50,3590.806607,1.0
-0.680571,50,3593.147712,1.0
-0.814712,50,3595.879084,1.0
-0.86339,50,3597.949597,1.0
-1.792584,50,3600.030543,1.0
-0.659788,50,3602.069535,1.0
-1.117165,50,3604.12526,1.0
-0.650556,50,3606.580461,1.0
-0.769621,50,3609.140743,1.0
-0.933927,50,3611.209202,1.0
-0.74333,50,3613.251358,1.0
-0.668662,50,3615.305837,1.0
-0.474775,50,3617.3553,1.0
-1.258651,50,3619.974442,1.0
-0.727406,50,3623.551792,1.0
-0.601482,50,3625.634954,1.0
-0.69987,50,3627.705134,1.0
-0.674763,50,3629.779275,1.0
-0.863411,50,3632.174957,1.0
-0.853656,50,3634.842723,1.0
-0.584572,50,3636.914189,1.0
-1.765004,50,3639.005289,1.0
-0.932955,50,3641.071646,1.0
-1.095669,50,3643.132477,1.0
-1.075941,50,3645.727119,1.0
-0.8421,50,3648.187922,1.0
-1.250774,50,3650.262897,1.0
-1.171518,50,3652.384497,1.0
-0.914205,50,3654.481266,1.0
-0.501591,50,3656.557137,1.0
-1.751232,50,3659.413312,1.0
-0.488704,50,3661.584774,1.0
-0.823602,50,3663.619405,1.0
-1.131696,50,3665.714236,1.0
-0.729224,50,3667.790786,1.0
-0.913363,50,3669.934505,1.0
-1.07984,50,3672.877067,1.0
-1.733159,50,3674.968978,1.0
-1.091209,50,3677.015376,1.0
-0.796666,50,3679.096194,1.0
-1.676857,50,3681.20747,1.0
-0.735531,50,3683.574828,1.0
-0.911769,50,3686.327134,1.0
-0.719155,50,3688.469971,1.0
-0.693882,50,3690.562988,1.0
-0.645195,50,3692.611065,1.0
-1.778979,50,3694.712283,1.0
-0.926724,50,3697.286076,1.0
-0.928726,50,3699.783228,1.0
-0.524296,50,3701.875245,1.0
-0.700768,50,3703.955981,1.0
-0.60256,50,3706.026862,1.0
-0.80855,50,3708.089809,1.0
-0.606311,50,3710.917822,1.0
-0.560787,50,3713.186885,1.0
-0.680721,50,3715.246345,1.0
-0.737511,50,3717.347698,1.0
-0.837921,50,3719.445328,1.0
-0.681571,50,3721.553455,1.0
-0.54092,50,3724.489698,1.0
-0.854911,50,3726.574569,1.0
-0.578173,50,3728.614215,1.0
-0.90023,50,3730.681774,1.0
-1.863331,50,3732.71212,1.0
-2.432051,50,3734.957423,1.0
-1.013953,50,3737.739007,1.0
-0.60444,50,3739.777223,1.0
-0.934729,50,3741.837912,1.0
-0.780205,50,3743.91694,1.0
-0.672687,50,3745.99138,1.0
-0.714775,50,3748.43071,1.0
-0.669165,50,3751.028441,1.0
-0.732551,50,3753.113281,1.0
-0.555039,50,3755.197919,1.0
-0.452338,50,3757.269243,1.0
-0.821455,50,3759.337122,1.0
-0.594256,50,3761.97205,1.0
-0.473847,50,3764.414959,1.0
-0.80924,50,3766.507724,1.0
-0.873826,50,3768.618695,1.0
-0.499585,50,3770.694317,1.0
-0.747188,50,3772.811226,1.0
-1.150252,50,3775.737461,1.0
-0.723096,50,3777.875973,1.0
-0.67766,50,3779.936626,1.0
-0.538108,50,3781.977426,1.0
-0.64934,50,3784.033444,1.0
-0.67327,50,3786.220816,1.0
-1.74742,50,3789.086662,1.0
-0.685147,50,3791.128837,1.0
-0.710029,50,3793.187372,1.0
-0.937634,50,3795.279229,1.0
-0.763975,50,3797.385077,1.0
-0.768451,50,3799.7376,1.0
-0.732795,50,3802.391605,1.0
-0.791627,50,3804.441587,1.0
-1.30564,50,3806.495908,1.0
-0.760143,50,3808.562252,1.0
-0.688531,50,3810.638648,1.0
-0.784865,50,3813.125855,1.0
-0.643103,50,3815.666824,1.0
-0.690371,50,3817.747993,1.0
-0.628561,50,3819.836618,1.0
-0.956318,50,3821.906129,1.0
-0.848114,50,3823.960301,1.0
-1.266756,50,3826.612458,1.0
-0.957983,50,3828.967494,1.0
-0.90112,50,3831.03692,1.0
-0.88459,50,3833.132759,1.0
-1.114265,50,3835.188014,1.0
-1.434325,50,3837.23476,1.0
-0.96749,50,3840.066982,1.0
-0.713944,50,3842.22446,1.0
-1.26883,50,3844.284475,1.0
-1.11363,50,3847.274559,1.0
-0.803663,50,3849.332219,1.0
-1.204376,50,3851.856277,1.0
-0.705442,50,3854.373051,1.0
-0.894576,50,3856.435123,1.0
-0.815951,50,3858.538062,1.0
-0.727454,50,3860.625208,1.0
-0.797615,50,3862.72051,1.0
-0.723214,50,3865.44466,1.0
-0.710542,50,3867.744801,1.0
-0.748439,50,3869.797932,1.0
-0.739471,50,3871.865714,1.0
-0.615754,50,3873.917869,1.0
-0.62201,50,3875.983237,1.0
-0.844711,50,3878.916455,1.0
-0.792959,50,3881.044207,1.0
-1.543795,50,3883.121068,1.0
-2.077064,50,3885.196824,1.0
-1.092108,50,3887.241205,1.0
-1.162706,50,3889.460902,1.0
-0.838099,50,3892.342216,1.0
-0.720693,50,3894.414406,1.0
-0.625494,50,3896.481377,1.0
-0.535952,50,3898.555144,1.0
-0.537535,50,3900.592762,1.0
-0.828776,50,3902.944204,1.0
-0.95739,50,3905.568424,1.0
-0.983176,50,3907.617093,1.0
-0.601767,50,3909.681918,1.0
-0.571957,50,3911.70904,1.0
-0.831465,50,3913.763834,1.0
-0.766894,50,3916.297581,1.0
-0.591342,50,3918.82202,1.0
-0.467343,50,3920.89138,1.0
-0.591845,50,3922.965317,1.0
-0.686257,50,3925.026561,1.0
-0.836283,50,3927.102222,1.0
-1.37314,50,3929.856541,1.0
-0.989902,50,3932.136748,1.0
-0.716138,50,3934.196742,1.0
-0.747385,50,3936.267404,1.0
-1.136582,50,3938.32368,1.0
-0.86949,50,3940.41626,1.0
-0.953255,50,3943.322142,1.0
-0.521889,50,3945.437021,1.0
-0.66113,50,3947.4959,1.0
-0.702531,50,3949.617554,1.0
-0.529268,50,3951.754594,1.0
-0.756373,50,3954.097506,1.0
-0.739455,50,3956.889857,1.0
-1.613184,50,3958.985131,1.0
-0.676144,50,3961.050963,1.0
-0.628475,50,3963.093017,1.0
-1.486306,50,3965.142422,1.0
-1.020718,50,3967.58891,1.0
-1.818874,50,3970.152256,0.0
-1.652087,50,3972.215529,1.0
-0.943545,50,3974.30705,1.0
-0.756474,50,3976.368698,1.0
-0.57943,50,3978.419425,1.0
-0.615136,50,3981.034452,1.0
-1.434814,50,3983.496225,1.0
-0.605834,50,3985.603292,1.0
-0.989061,50,3987.696091,1.0
-1.463991,50,3989.772735,1.0
-0.83346,50,3991.805775,1.0
-0.889649,50,3994.645126,1.0
-0.704903,50,3996.833392,1.0
-0.748884,50,3998.908559,1.0
-0.560477,50,4000.983232,1.0
-0.663308,50,4003.046177,1.0
-0.549179,50,4005.207911,1.0
-0.698896,50,4008.059963,1.0
-1.709358,50,4010.13501,1.0
-0.772125,50,4012.208783,1.0
-0.997188,50,4014.317001,1.0
-1.295074,50,4016.396654,1.0
-0.579107,50,4018.732791,1.0
-0.65318,50,4021.386744,1.0
-0.745967,50,4023.415071,1.0
-0.86372,50,4025.454279,1.0
-0.847368,50,4027.534755,1.0
-1.005692,50,4029.586601,1.0
-1.110965,50,4032.083696,1.0
-0.747796,50,4034.605413,1.0
-0.814131,50,4036.682319,1.0
-1.57691,50,4038.77128,1.0
-0.774588,50,4040.833407,1.0
-0.71797,50,4042.915411,1.0
-0.840645,50,4045.673848,1.0
-1.18768,50,4047.996036,1.0
-0.965468,50,4050.090324,1.0
-1.56771,50,4052.18259,1.0
-0.558358,50,4054.27103,1.0
-0.622235,50,4056.360492,1.0
-0.816717,50,4059.345595,1.0
-0.70598,50,4061.418437,1.0
-0.82806,50,4063.497176,1.0
-0.805794,50,4065.579043,1.0
-0.669163,50,4067.644438,1.0
