#{"t_start": 1790373256.688464, "env_id": "AdroitHandDoor-v1"}
r,l,t
-45.142259,200,0.062695
-46.362444,200,0.122095
-45.033408,200,0.177834
-45.96568,200,0.236673
-45.30209,200,0.292993
-45.581306,200,0.352148
-45.349721,200,0.411258
-44.789517,200,0.468588
-44.732118,200,0.524405
-45.766509,200,0.579312
-44.678095,200,0.638555
-46.655263,200,0.697136
-47.069882,200,0.754755
-46.285726,200,0.811839
-46.526567,200,0.870604
-45.084313,200,0.928563
-46.87636,200,0.988652
-44.982928,200,1.050218
-46.693072,200,1.106895
-47.116208,200,1.164424
-45.849203,200,1.221081
-45.482652,200,1.277406
-47.19851,200,1.333978
-46.714252,200,1.390968
-46.724836,200,1.449375
-46.564038,200,1.511199
-43.861498,200,1.569322
-46.129281,200,1.626427
-46.599315,200,1.685027
-46.610809,200,1.742617
-45.869763,200,1.799715
-46.309976,200,1.858697
-47.22339,200,1.91628
-46.173787,200,1.973199
-46.582965,200,2.03172
-45.793941,200,2.088401
-46.087112,200,2.143555
-46.015849,200,2.202623
-45.835464,200,2.258168
-45.254999,200,2.316285
-46.43433,200,2.375551
-46.976629,200,2.436696
-47.313321,200,2.494619
-45.74576,200,2.55377
-46.097408,200,2.610963
-45.784339,200,2.667223
-46.580426,200,2.727436
-46.255313,200,2.784276
-47.551226,200,2.843344
-45.497554,200,2.900999
-46.521566,200,4.017518
-45.502137,200,5.1401
-44.523245,200,6.203455
-46.32636,200,7.297567
-45.93129,200,8.463793
-45.939314,200,9.608143
-45.969152,200,10.716894
-46.401131,200,11.824461
-45.673306,200,12.917815
-45.31717,200,14.018605
-45.805362,200,15.102249
-45.182758,200,16.1784
-45.76411,200,17.257828
-43.712863,200,18.337366
-45.889908,200,19.431605
-44.34358,200,20.511272
-46.004845,200,21.593932
-45.14728,200,22.668763
-45.504872,200,23.76204
-46.161422,200,24.850621
-44.451389,200,25.924822
-43.183971,200,26.991671
-44.62669,200,28.073494
-45.635464,200,29.161923
-44.494118,200,30.253845
-42.80496,200,31.337371
-42.956578,200,32.433785
-41.617622,200,33.567762
-41.068737,200,34.64362
-43.413194,200,35.727459
-38.781166,200,36.822811
-39.117695,200,37.931237
-42.539109,200,39.018579
-38.73512,200,40.103264
-42.370171,200,41.183844
-38.502327,200,42.283289
-40.813665,200,43.386134
-38.825679,200,44.550267
-38.418966,200,45.699408
-37.904143,200,46.791157
-39.400902,200,47.95184
-41.131839,200,49.12471
-38.732948,200,50.286561
-37.197668,200,51.374651
-38.992211,200,52.472057
-39.366724,200,53.552491
-34.138365,200,54.60819
-34.500387,200,55.695284
-33.693332,200,56.770171
-34.039823,200,57.872887
-39.976009,200,59.017512
-37.758308,200,60.126159
-39.582912,200,61.233083
-41.756307,200,62.327181
-42.042979,200,63.43946
-36.20431,200,64.528925
-42.461595,200,65.671551
-42.514207,200,66.77204
-42.601294,200,67.847881
-40.315576,200,69.008704
-39.658108,200,70.093378
-41.201594,200,71.254737
-41.213088,200,72.36724
-38.56109,200,73.48932
-33.403246,200,74.587516
-29.93029,200,75.713804
-33.219271,200,76.852607
-32.10972,200,77.965697
-31.444282,200,79.0922
-31.523528,200,80.198482
-41.012675,200,81.391144
-35.982298,200,82.505385
-37.693335,200,83.635314
-39.301415,200,84.83162
-39.721808,200,86.020628
-34.550552,200,87.983266
-38.637379,200,89.117319
-36.26957,200,90.210165
-32.398652,200,91.312759
-33.399674,200,92.440922
-34.526288,200,93.553809
-35.157384,200,94.662461
-33.723707,200,95.778315
-31.685873,200,96.869734
-39.280448,200,97.998124
-39.057187,200,99.10461
-40.729633,200,100.214142
-43.949602,200,101.348245
-41.084902,200,102.430133
-43.025851,200,103.511809
-33.867947,200,104.59454
-32.445295,200,105.676922
-30.489551,200,106.76086
-31.209692,200,107.855315
-32.051436,200,108.960908
-32.498173,200,110.041521
-30.950903,200,111.138155
-30.2224,200,112.231093
-31.160615,200,113.325955
-33.790177,200,114.429813
-40.375191,200,115.51966
-39.128607,200,116.599844
-32.367266,200,117.702761
-32.538802,200,118.794461
-33.764678,200,119.888457
-32.788312,200,120.990578
-33.947502,200,122.086516
-34.944053,200,123.190534
-37.262708,200,124.28678
-36.165647,200,125.383163
-37.557141,200,126.46999
-38.258027,200,127.581707
-39.971514,200,128.694418
-38.915094,200,129.859715
-40.300005,200,130.95264
-40.630793,200,132.036884
-40.812863,200,133.134592
-39.781149,200,134.229479
-40.756653,200,135.34167
-40.603469,200,136.458539
-40.854721,200,137.576292
-41.647513,200,138.695132
-41.338869,200,139.787825
-43.371394,200,140.905938
-41.522883,200,142.01427
-43.114921,200,143.099624
-39.52005,200,144.209507
-41.342352,200,145.29939
-43.049757,200,146.386957
-42.472431,200,147.491038
-43.494716,200,148.600993
-42.899186,200,149.716216
-42.364426,200,150.831344
-41.760006,200,151.940739
-43.669844,200,153.050514
-43.116761,200,154.161038
-44.657579,200,155.263156
-42.98619,200,156.3451
-43.692118,200,157.453065
-43.295456,200,158.552442
-43.72409,200,159.656349
-44.367187,200,160.753756
-34.957861,200,161.857453
-42.625435,200,162.998352
-35.12685,200,164.093071
-35.438126,200,165.204507
-38.54623,200,166.314001
-42.163957,200,167.426321
-42.321068,200,168.532212
-42.893578,200,169.614216
-42.20536,200,170.696662
-43.331754,200,171.803877
-44.858827,200,172.907807
-42.669715,200,174.009625
-33.742625,200,175.120029
-34.977374,200,176.233141
-36.485932,200,177.343015
-35.898065,200,178.424183
-39.572107,200,179.506036
-40.417368,200,180.611051
-41.722992,200,181.712217
-42.414131,200,182.818325
-43.091617,200,183.91068
-43.061568,200,185.011326
-41.649699,200,186.114981
-37.012166,200,187.224725
-39.036212,200,188.328661
-41.794006,200,189.417336
-31.505666,200,190.513827
-31.363378,200,191.626836
-30.751954,200,192.724551
-32.160238,200,193.803749
-30.515836,200,194.900241
-32.420534,200,195.980853
-30.875013,200,197.073701
-30.829311,200,198.171507
-31.698188,200,199.264101
-32.53022,200,200.377093
-31.71761,200,201.489754
-38.389317,200,202.594686
-35.636616,200,203.69184
-34.504499,200,204.783611
-34.936481,200,205.880017
-37.926006,200,206.990935
-38.098333,200,208.095285
-34.21649,200,209.1769
-34.674407,200,210.279446
-32.17826,200,211.388371
-33.946359,200,212.472197
-33.302295,200,213.552487
-33.413628,200,214.637989
-36.883669,200,215.737934
-36.225246,200,216.832273
-35.579469,200,217.931643
-33.990598,200,219.022557
-33.70125,200,220.13281
-31.536249,200,221.238724
-32.139052,200,222.319636
-32.20815,200,223.400116
-30.349552,200,224.507284
-35.061024,200,226.040468
-31.047959,200,227.132582
-33.803883,200,228.216449
-32.739232,200,229.30787
-34.866476,200,230.402728
-35.356809,200,231.516929
-33.35238,200,232.629026
-33.234177,200,233.726509
-32.789301,200,234.846525
-31.811212,200,235.960393
-31.839536,200,237.086459
-33.531038,200,238.208124
-33.692901,200,239.326376
-33.952035,200,240.447742
-33.34589,200,241.548844
-35.125177,200,242.647021
-39.893451,200,243.761166
-40.527158,200,244.875579
-33.671453,200,245.967808
-30.709129,200,247.05725
-31.785134,200,248.158945
-36.344057,200,249.278824
-37.36047,200,250.387994
-38.936826,200,251.470144
-36.655421,200,252.567793
-32.167319,200,253.681495
-33.208945,200,254.77732
-38.580073,200,255.898883
-35.12231,200,257.020694
-31.237947,200,258.135775
-37.457138,200,259.272461
-38.72111,200,260.387063
-37.709156,200,261.513444
-40.064576,200,262.605329
-39.371657,200,263.686728
-39.79679,200,264.787863
-40.705114,200,265.89462
-40.378881,200,267.002327
-41.621538,200,268.1072
-40.921336,200,269.226771
-41.404867,200,270.33791
-41.733742,200,271.451315
-41.811813,200,272.544621
-41.771152,200,273.660173
-37.96288,200,274.766296
-38.337111,200,275.881065
-37.207254,200,276.995204
-34.905004,200,278.08512
-33.550837,200,279.193566
-37.137943,200,280.299572
-40.253233,200,281.413933
-39.534222,200,282.557011
-46.811832,200,283.696497
-42.633747,200,284.814411
-43.458706,200,285.94405
-41.874335,200,287.159077
-43.019043,200,288.279201
-43.479794,200,289.383802
-43.36659,200,290.47449
-43.057281,200,291.596169
-44.946028,200,292.708253
-41.113622,200,293.824945
-44.480376,200,294.93651
-44.007708,200,296.059469
-45.270643,200,297.190262
-39.774651,200,298.318165
-42.694053,200,299.429316
-39.7354,200,300.535848
-44.119393,200,301.628924
-44.184862,200,302.753167
-43.17949,200,303.854243
-33.389514,200,304.959357
-42.966022,200,306.051232
-35.784186,200,307.150396
-33.972951,200,308.266977
-39.358246,200,309.446705
-35.279826,200,310.585996
-33.678942,200,311.697563
-43.959718,200,312.803237
-44.076262,200,313.935693
-45.252766,200,315.057489
-45.302664,200,316.175513
-44.179723,200,317.291193
-42.638068,200,318.392792
-45.181119,200,319.505457
-45.492838,200,320.620436
-43.131752,200,321.729884
-42.481018,200,322.84434
-44.940502,200,323.943252
-43.265722,200,325.057156
-42.995169,200,326.179082
-47.345424,200,327.38123
-42.592562,200,328.500451
-41.450918,200,329.614437
-45.717146,200,330.756753
-34.694049,200,331.852528
-44.901087,200,332.986384
-42.723626,200,334.08899
-41.582109,200,335.184041
-38.42659,200,336.273381
228.451504,200,337.532411
296.157228,200,338.635535
-46.775718,200,339.786838
-44.713348,200,340.949378
307.674532,200,342.046655
-38.962759,200,343.1584
-42.460088,200,344.282916
-6.319893,200,345.402095
-39.153409,200,346.526269
-33.129033,200,347.64793
-34.28966,200,348.769789
-33.325072,200,349.882297
-34.025369,200,350.965663
-45.488448,200,352.133932
-44.537758,200,353.366832
-39.205282,200,354.484458
-46.344697,200,355.600494
-45.249851,200,356.781435
-44.816274,200,357.902055
-42.577721,200,359.025377
-42.538996,200,360.169425
-43.525105,200,361.299115
-46.237492,200,362.417021
-44.927551,200,363.549602
-43.91024,200,364.783814
-40.728196,200,366.562908
-40.519082,200,367.678009
-45.189229,200,368.81169
-40.361343,200,369.917471
-43.906262,200,371.045414
-44.672127,200,372.175766
-44.382752,200,373.322625
-44.463936,200,374.419032
-43.861976,200,375.515235
-43.797861,200,376.607971
-42.846172,200,377.727612
-43.621852,200,378.845393
6.958814,200,379.965433
-42.068979,200,381.093913
-45.704626,200,382.223403
-42.392961,200,383.362179
3.884789,200,384.494219
-42.524666,200,385.643543
-43.948297,200,386.749256
-45.470971,200,387.893024
-45.101472,200,388.991106
-41.324229,200,390.076339
-31.761186,200,391.181154
-40.801061,200,392.328368
-43.065818,200,393.427925
18.631303,200,394.527715
-33.144103,200,395.638572
-38.48779,200,396.74404
-39.261471,200,397.843954
-42.480563,200,398.94493
-42.431935,200,400.044701
-46.767182,200,401.23057
-42.957604,200,402.473656
-38.374679,200,403.675991
-35.621668,200,404.80809
-39.467441,200,406.024983
-39.886705,200,407.24816
-41.732648,200,408.399771
-35.578116,200,409.550901
-40.110999,200,410.722468
-45.124799,200,411.849092
-37.504398,200,412.989654
-45.925824,200,414.152235
-44.331026,200,415.244648
-38.691322,200,416.365996
-6.203015,200,417.502307
-39.447822,200,418.641043
-37.205582,200,419.773263
-39.197964,200,420.904984
-36.808325,200,422.011315
-43.937302,200,423.217933
-42.131791,200,424.363156
-40.198294,200,425.478666
-41.112041,200,426.603852
305.916922,200,427.742936
-41.878296,200,428.858531
268.112083,200,429.962395
-43.068079,200,431.059858
-38.643785,200,432.158551
-45.050965,200,433.33275
-20.247035,200,434.431741
221.036635,200,435.573636
-38.62874,200,436.683054
-46.504982,200,437.886042
-37.425571,200,438.972075
-43.044699,200,440.068058
-38.532896,200,441.178168
-40.263737,200,442.295318
-37.473624,200,443.383932
-38.578241,200,444.451967
-43.18878,200,445.544163
-47.201511,200,446.664581
-42.23793,200,447.787011
-45.483232,200,448.916934
-46.444013,200,450.051202
-35.395126,200,451.152014
-44.047381,200,452.29937
-44.809627,200,453.454307
-44.695067,200,454.561956
292.192132,200,455.650391
-40.786898,200,456.842374
-40.852004,200,458.057605
-46.604777,200,459.183932
-40.967087,200,460.421038
-44.804735,200,461.576255
-46.262489,200,462.717947
-45.205674,200,463.823671
-39.726915,200,464.911778
-44.01216,200,466.015481
-41.807545,200,467.125408
-44.961047,200,468.245112
-46.004441,200,469.351818
-40.289938,200,470.489604
-31.908137,200,471.613345
-44.684915,200,472.76228
435.154992,200,473.93376
-44.960792,200,475.091858
-40.411061,200,476.224683
-44.289522,200,477.414547
302.450827,200,478.504011
-44.920266,200,479.619919
-35.609131,200,480.74343
338.133476,200,481.864535
323.022893,200,482.954737
-31.643408,200,484.083067
-34.967666,200,485.220041
-42.765568,200,486.357764
-41.131324,200,487.49818
-34.982507,200,488.626551
-35.101533,200,489.761596
-37.539372,200,490.896751
-39.839438,200,492.039845
-42.212737,200,493.179202
-40.822494,200,494.340911
-41.65027,200,495.460965
-41.2958,200,496.604786
-34.610455,200,497.733363
-41.556191,200,498.901841
-41.370792,200,500.058284
-41.403249,200,501.227299
-40.79219,200,502.342671
-40.444251,200,503.465985
-41.450618,200,504.62136
-44.528701,200,505.74382
-43.845832,200,506.884298
-43.780686,200,508.69768
-44.451436,200,509.808962
-44.748284,200,510.937797
-45.77049,200,512.062384
-45.833869,200,513.2353
-43.961413,200,514.410686
-46.436142,200,515.580597
-46.828623,200,516.734415
-45.145565,200,517.893967
-47.02484,200,519.092199
-46.739353,200,520.245227
-45.044166,200,521.377249
-45.537011,200,522.564185
-48.410209,200,523.712068
302.496944,200,524.841127
-46.553966,200,526.001279
-47.528221,200,527.14695
-47.739823,200,528.284418
-43.5763,200,529.424351
44.518287,200,530.562982
-45.376812,200,531.75991
-42.821543,200,532.891166
-45.571183,200,534.017761
-45.410975,200,535.163356
90.38918,200,536.295939
-46.511096,200,537.476432
119.642572,200,538.607407
-42.190152,200,539.748255
-18.322063,200,540.869702
-47.089019,200,541.997236
-44.580242,200,543.12174
-42.819947,200,544.252527
28.806581,200,545.376922
-45.346435,200,546.51853
-44.417695,200,547.658607
-42.727227,200,548.787869
-40.750617,200,549.921814
-37.478946,200,551.042426
-44.845718,200,552.177484
-46.067558,200,553.346786
-46.875403,200,554.505679
2739.363453,200,555.609249
-47.13817,200,556.770625
-42.811497,200,557.8841
-45.390528,200,559.037612
-43.9778,200,560.210551
-45.637221,200,561.378837
-45.89629,200,562.482986
-44.243438,200,563.612411
269.786597,200,564.69846
-41.461781,200,565.806356
-37.697343,200,566.897986
-44.391432,200,568.07145
-44.390976,200,569.159039
-42.935491,200,570.259517
-46.505191,200,571.42964
-42.608611,200,572.559069
-43.7167,200,573.670264
-34.850054,200,574.759385
-42.780068,200,575.916144
-44.615015,200,577.051191
-48.372652,200,578.177196
-38.379847,200,579.272053
-45.700432,200,580.404075
-42.397304,200,581.512333
-43.180335,200,582.647925
-41.708722,200,583.756743
-41.64026,200,584.892451
-46.040866,200,586.016056
-40.324659,200,587.105284
-46.173195,200,588.240234
-47.409041,200,589.363745
-44.401787,200,590.534157
-16.272475,200,591.675262
-47.17504,200,592.778727
-45.92178,200,593.91632
-46.68136,200,595.050263
-45.523078,200,596.164063
-45.774666,200,597.303846
-46.231254,200,598.450656
-46.421054,200,599.566919
-46.567904,200,600.753762
-43.370191,200,601.854716
-46.37425,200,602.97895
-45.701403,200,604.093779
-39.700501,200,605.199547
-38.152065,200,606.284145
-44.877606,200,607.436584
-44.447869,200,608.542116
-38.460426,200,609.628838
-37.370262,200,610.727287
432.76487,200,611.855483
-49.928321,200,613.005108
-37.20979,200,614.090653
-35.86913,200,615.17589
-47.651916,200,616.292995
-39.08611,200,617.402193
-45.995796,200,618.595194
-39.306158,200,619.708
150.805966,200,620.836971
-45.657597,200,621.955685
-45.717128,200,623.069031
-46.614165,200,624.25226
-43.241341,200,625.423682
-45.784043,200,626.56308
199.713068,200,627.67996
-37.713218,200,628.841885
-39.145482,200,629.954621
-38.222483,200,631.116859
-38.848147,200,632.261826
-40.804302,200,633.370444
-42.012498,200,634.525784
-38.721709,200,635.630743
-46.863833,200,636.730187
-47.969862,200,637.886945
-42.259929,200,638.99663
-45.718507,200,640.086522
-46.37359,200,641.223051
2556.635751,200,642.31523
-45.563447,200,643.46505
-42.3656,200,644.59587
-46.055221,200,645.747819
-45.701396,200,646.944421
1984.761518,200,648.052774
-47.243419,200,649.193876
-47.908799,200,650.82432
-46.494981,200,651.931067
-47.733179,200,653.087124
-47.806325,200,654.270416
-47.691636,200,655.388543
-47.875243,200,656.511305
-47.390747,200,657.625928
-47.012901,200,658.760981
-46.591324,200,659.885749
-45.994871,200,661.007388
-44.760331,200,662.105045
-44.333854,200,663.192101
-44.362406,200,664.314568
-46.253131,200,665.442956
268.975396,200,666.553629
238.730562,200,667.694842
-42.506531,200,668.824532
-45.40228,200,669.932632
-33.399466,200,671.039678
-45.976514,200,672.184929
207.786622,200,673.282935
850.106504,200,674.400976
-46.370347,200,675.528636
-44.254403,200,676.626332
-44.400857,200,677.782065
254.712598,200,678.893292
-38.264322,200,679.98545
645.378073,200,681.136231
-43.982978,200,682.274261
-45.75889,200,683.404954
-45.093925,200,684.581789
-39.313579,200,685.729814
-42.22297,200,686.86832
-43.166083,200,688.015698
-45.019687,200,689.163793
-43.363228,200,690.323645
-33.799406,200,691.443388
-32.466101,200,692.536825
97.729802,200,693.669172
-46.187935,200,694.840335
-40.580715,200,696.040244
-46.37407,200,697.18418
-45.648099,200,698.342417
-45.139179,200,699.469805
-44.516003,200,700.573205
-42.74937,200,701.756312
-42.935137,200,702.955184
-41.416381,200,704.119568
-47.971388,200,705.230823
-47.930938,200,706.33378
2997.580883,200,707.425046
-49.419443,200,708.554759
-48.796099,200,709.70738
-47.940704,200,710.847744
-46.772421,200,712.024367
-48.972832,200,713.141707
-48.246431,200,714.287997
846.896339,200,715.49419
-46.706369,200,716.652002
285.151189,200,717.816588
-45.467383,200,718.933141
-47.179054,200,720.042142
-45.266545,200,721.192159
317.566471,200,722.287365
146.954922,200,723.446681
-45.131951,200,724.572714
-47.003344,200,725.71286
-44.658248,200,726.83208
-43.449395,200,727.985428
-43.465877,200,729.10231
-34.349962,200,730.248812
-42.190241,200,731.386597
1479.523321,200,732.479763
-40.032867,200,733.573939
-46.098896,200,734.75644
-42.872983,200,735.855604
-45.597591,200,736.981371
-43.060336,200,738.209048
-45.037939,200,739.396738
1968.652354,200,740.549624
-44.313175,200,741.72858
53.585572,200,742.849807
-46.735137,200,743.961617
-45.182568,200,745.113926
37.041588,200,746.2232
-42.961559,200,747.323777
1159.655575,200,748.467435
62.985098,200,749.580374
-46.281665,200,750.734489
116.054334,200,751.928815
2560.859612,200,753.046212
-41.496145,200,754.154979
-46.432386,200,755.257596
-46.955138,200,756.372197
-44.390833,200,757.525987
-47.225402,200,758.693566
-46.376092,200,759.825642
-47.30304,200,760.969706
395.593248,200,762.085781
-40.357043,200,763.185154
212.186601,200,764.301152
2444.658676,200,765.40449
678.891712,200,766.546754
-47.356165,200,767.700167
-47.025439,200,768.861375
-42.143315,200,769.987353
308.675651,200,771.086608
59.115614,200,772.221891
-45.088817,200,773.36595
-43.047583,200,774.55807
-46.527031,200,775.728771
-46.621057,200,776.861848
25.109925,200,777.969269
-47.265646,200,779.126203
-47.030147,200,780.255576
-47.388089,200,781.382986
2886.021991,200,782.48558
-48.18774,200,783.618502
-46.957139,200,784.799914
152.037249,200,785.914107
68.138249,200,787.109578
166.656676,200,788.246653
62.644709,200,789.370616
-43.190837,200,790.492485
254.336304,200,791.715335
84.568591,200,793.41789
22.417729,200,794.54711
224.344394,200,795.724906
-46.02837,200,796.870413
-46.835329,200,797.979437
-41.603795,200,799.070654
-44.839245,200,800.160416
72.067499,200,801.307809
-46.595542,200,802.459164
-44.825613,200,803.595889
-45.522173,200,804.726891
-45.177835,200,805.843808
-43.948203,200,806.94728
-45.05107,200,808.066422
-45.603066,200,809.179362
-45.357347,200,810.285845
-43.606185,200,811.409479
-45.313934,200,812.505352
-38.153143,200,813.622488
-45.888657,200,814.780736
-44.757112,200,815.898656
-38.636001,200,817.018254
604.48749,200,818.151125
-43.38819,200,819.279977
-43.618157,200,820.403917
-46.006918,200,821.510435
-46.392754,200,822.632487
3147.794697,200,823.73053
-42.119784,200,824.826478
-44.876017,200,825.968292
-46.612859,200,827.121664
-44.127609,200,828.236485
-48.17606,200,829.366732
-43.405264,200,830.504139
-46.26594,200,831.696642
-47.42113,200,832.851322
-42.806454,200,833.944146
-45.684498,200,835.088621
-46.603605,200,836.295787
-45.741876,200,837.443565
-45.877681,200,838.600159
-45.110389,200,839.828378
-45.599297,200,840.944209
-48.446429,200,842.068561
-42.531399,200,843.230276
-43.859667,200,844.392966
-46.815827,200,845.539104
130.947065,200,846.653247
-43.614443,200,847.781711
-43.516386,200,848.942593
314.957132,200,850.035284
356.889107,200,851.13508
26.796622,200,852.292696
-47.626396,200,853.412102
317.834203,200,854.515068
273.202938,200,855.636677
15.66474,200,856.764688
152.398496,200,857.877676
-47.168098,200,859.007793
30.140458,200,860.139245
-48.085478,200,861.286416
-45.148594,200,862.40676
-46.553555,200,863.518783
-45.603833,200,864.658036
-40.794668,200,865.75061
-48.226856,200,867.347612
-45.401338,200,868.542065
33.316516,200,869.650837
-45.592887,200,870.749164
-45.238596,200,871.890958
115.673544,200,873.001733
-41.48735,200,874.135022
-48.955772,200,875.265372
11.667052,200,876.380074
-42.115337,200,877.51547
-37.670376,200,878.610657
-41.284288,200,879.704776
2042.206522,200,880.802423
-45.009278,200,881.906834
16.156291,200,883.011933
-43.496619,200,884.122348
-40.821976,200,885.223422
46.440229,200,886.355692
33.162193,200,887.452639
-48.088055,200,888.610581
303.930801,200,889.728362
2828.490141,200,890.840383
-45.662454,200,892.045776
-35.414165,200,893.147437
-42.493257,200,894.296261
2650.373028,200,895.386136
92.595208,200,896.496506
-46.509832,200,897.618897
1798.269879,200,898.729884
-44.509782,200,899.829219
2923.432741,200,900.920488
-48.052184,200,902.085298
294.813246,200,903.172747
-48.45549,200,904.26848
-44.723533,200,905.440084
-46.412911,200,906.593135
-46.156149,200,907.712832
-45.159813,200,908.825742
-43.468978,200,909.976199
-44.646528,200,911.170511
-46.392667,200,912.315482
-45.547636,200,913.46051
-48.397849,200,1727.766555
-45.944134,200,1729.020947
-47.147328,200,1730.158252
-43.936022,200,1731.262184
-48.027287,200,1732.412345
-49.482512,200,1733.547222
-46.15134,200,1734.735279
-46.757674,200,1735.813902
-46.190557,200,1736.875333
-44.555384,200,1737.93148
-45.383917,200,1738.995322
-45.448741,200,1740.070723
-43.80866,200,1741.132076
-45.008719,200,1742.211346
-46.237858,200,1743.293771
-45.996104,200,1744.361579
-45.368807,200,1745.437712
-44.74479,200,1746.568214
-44.040899,200,1748.074201
-43.905757,200,1749.1523
-41.755908,200,1750.242061
-41.692648,200,1751.356952
-41.142095,200,1752.431984
-41.475453,200,1753.476818
-43.783161,200,1754.570344
-43.181758,200,1755.616672
-42.575783,200,1756.672814
-44.538877,200,1757.742013
1736.2807,200,1758.851286
-47.847171,200,1759.966992
-48.216657,200,1761.097602
-45.67885,200,1762.33083
-48.110218,200,1763.514495
-45.716854,200,1764.725232
-39.982257,200,1765.863843
-46.831695,200,1767.002459
-44.344526,200,1768.279962
-46.56118,200,1769.441495
-46.899536,200,1770.604494
-45.978219,200,1771.805821
-28.088119,200,1773.019365
-49.257068,200,1774.187099
-46.616403,200,1775.375154
-46.745839,200,1776.486593
-47.942659,200,1777.599756
-45.154515,200,1778.741191
-43.293257,200,1779.827964
-46.249763,200,1780.953602
-43.797903,200,1782.044882
-46.529017,200,1783.176529
-4.856008,200,1784.373262
-46.915387,200,1785.517084
151.140898,200,1786.648199
209.013197,200,1787.742816
1373.563987,200,1788.879848
3073.129498,200,1789.970348
-43.110948,200,1791.118411
-43.296103,200,1792.241968
322.235559,200,1793.38616
-44.488156,200,1794.58272
-35.04206,200,1795.733885
1125.638122,200,1796.889656
2399.047167,200,1798.040265
128.438646,200,1799.149056
-44.514753,200,1800.275565
272.42535,200,1801.426324
-48.333666,200,1802.547068
-47.558844,200,1803.657988
299.128143,200,1804.779763
182.720032,200,1805.9192
-45.130251,200,1807.108124
-44.399888,200,1808.281391
-47.463097,200,1809.447512
-47.563637,200,1810.601325
-44.485785,200,1811.789495
-44.142511,200,1812.973145
-43.858046,200,1814.125196
-43.352229,200,1815.262914
-45.542275,200,1816.381006
-45.691131,200,1817.500615
-43.116469,200,1818.59833
-42.394863,200,1819.688969
-42.856927,200,1820.818175
-41.305521,200,1821.936796
-42.624014,200,1823.124658
-42.413527,200,1824.254672
-42.548847,200,1825.366215
-41.944933,200,1826.457144
-42.658925,200,1827.587989
-43.302601,200,1828.706415
-42.122798,200,1829.820207
-42.884974,200,1830.914069
-30.620354,200,1832.059812
-44.331403,200,1833.18823
-43.728272,200,1834.290133
141.565594,200,1835.454285
-40.232784,200,1836.544771
-40.466125,200,1837.6567
-43.325404,200,1838.753727
-46.702826,200,1839.844472
-43.245039,200,1840.987796
-44.673734,200,1842.086985
3100.749596,200,1843.224963
-45.362579,200,1844.39568
-44.508738,200,1845.611512
-42.589538,200,1846.720285
-42.226054,200,1847.833874
-42.543866,200,1848.94443
-43.323735,200,1850.054079
-47.344301,200,1851.19128
-45.844186,200,1852.339733
-46.303008,200,1853.496003
-46.216462,200,1854.627447
-44.066085,200,1855.77302
-45.548726,200,1856.967214
-45.90281,200,1858.152258
2694.254174,200,1859.26104
-47.245749,200,1860.438007
2693.636787,200,1861.524655
-44.796319,200,1862.727138
-48.94936,200,1863.840609
-45.06104,200,1865.029599
-46.1068,200,1866.247286
-46.8931,200,1867.354
-41.216575,200,1868.500188
-44.073647,200,1869.737381
-47.102117,200,1870.890912
317.946675,200,1872.028671
-46.524608,200,1873.211116
-45.588592,200,1874.392747
281.135045,200,1875.480574
-41.187353,200,1876.707122
-47.125588,200,1877.895563
-48.133871,200,1879.020705
327.898984,200,1880.127564
165.974605,200,1881.317854
-45.302314,200,1882.507865
-45.743616,200,1883.656009
-46.584397,200,1884.80701
-45.966914,200,1885.98766
-46.205632,200,1887.133484
-44.936196,200,1888.298025
-48.63791,200,1889.423464
1956.185146,200,1891.078033
247.51729,200,1892.191162
-45.714755,200,1893.345763
3055.917481,200,1894.442711
-46.332663,200,1895.547567
-45.826529,200,1896.656088
93.258265,200,1897.778455
-43.115478,200,1898.895713
-42.18152,200,1900.030956
-43.628448,200,1901.155707
-43.888504,200,1902.259674
-44.118974,200,1903.377908
-45.113398,200,1904.512321
-46.72773,200,1905.609209
-45.893153,200,1906.737228
-45.597545,200,1907.849252
-47.282656,200,1908.971746
-45.363757,200,1910.070195
-46.614838,200,1911.171061
-45.476238,200,1912.291955
-44.299415,200,1913.412236
-44.929265,200,1914.503097
-45.806577,200,1915.628216
-44.895992,200,1916.734962
-43.455589,200,1917.848406
-44.694708,200,1918.94247
1727.142477,200,1920.036002
-44.548481,200,1921.136401
125.637659,200,1922.271275
49.249342,200,1923.386887
-47.017507,200,1924.502885
-46.268052,200,1925.622803
-47.593702,200,1926.75013
137.592885,200,1927.857887
-47.798132,200,1928.967517
-46.426616,200,1930.125922
-46.088244,200,1931.329068
-45.937479,200,1932.466293
-29.351598,200,1933.559917
-35.218659,200,1934.69895
-29.788796,200,1935.779758
-30.267179,200,1936.858015
-31.551421,200,1937.958608
-30.768993,200,1939.039409
-30.995806,200,1940.139954
-30.404954,200,1941.254431
-43.0154,200,1942.406683
-41.698396,200,1943.530184
-42.414777,200,1944.637709
-41.597134,200,1945.724917
-40.795735,200,1946.821179
-41.173244,200,1947.906063
-41.522834,200,1949.003173
-41.434459,200,1950.086234
-40.9928,200,1951.191496
-41.778292,200,1952.277879
-41.395805,200,1953.393653
-42.49629,200,1954.519412
-43.036626,200,1955.635718
-42.314009,200,1956.756393
-43.078486,200,1957.848894
-42.002778,200,1958.953587
-42.061516,200,1960.055921
-42.154954,200,1961.16865
-43.369488,200,1962.281962
-42.42282,200,1963.409477
-42.787563,200,1964.511691
-42.804534,200,1965.615755
-42.145935,200,1966.714919
-41.903338,200,1967.815025
-42.69881,200,1968.901864
-41.738904,200,1969.986146
-42.186747,200,1971.091752
-41.00043,200,1972.178722
-39.678025,200,1973.286294
-40.156296,200,1974.368927
-39.741154,200,1975.453412
-40.412073,200,1976.543079
-41.197395,200,1977.681423
-41.725808,200,1978.850669
-40.619742,200,1980.017249
-40.775713,200,1981.168768
-42.480657,200,1982.333222
-41.650057,200,1983.506197
-41.587361,200,1984.684342
-40.373151,200,1985.856113
-40.816149,200,1987.025082
-40.536497,200,1988.196815
-40.788652,200,1989.348524
-40.458372,200,1990.496515
-41.08518,200,1991.658577
-34.189033,200,1992.830999
-37.591868,200,1994.023544
-34.050152,200,1995.201856
-40.79042,200,1996.396214
-38.903785,200,1997.66293
-40.665457,200,1998.875629
-37.445643,200,2000.120507
-38.173371,200,2001.335414
-36.68509,200,2002.524623
-37.689635,200,2003.721804
-37.7139,200,2004.890811
-37.639254,200,2006.094471
-37.358402,200,2007.263407
-39.955347,200,2008.428876
-41.548605,200,2009.602978
-39.951278,200,2010.804979
-39.824591,200,2012.058366
-39.902704,200,2013.334979
-41.346233,200,2014.626591
-41.575261,200,2015.910067
-40.604741,200,2017.19961
-39.791719,200,2018.510794
-40.314685,200,2019.77054
-40.600375,200,2021.059666
-41.237616,200,2022.273101
-40.967084,200,2023.548962
-40.458388,200,2024.765078
-41.312353,200,2025.958938
-43.88946,200,2027.060289
2971.105001,200,2028.200366
-43.623928,200,2029.329435
-43.573228,200,2030.449151
-44.243289,200,2031.56396
224.013986,200,2032.727969
38.715157,200,2034.537847
-46.921899,200,2035.693242
54.870395,200,2036.81195
-46.246228,200,2037.948487
-48.17282,200,2039.064653
-43.374225,200,2040.188214
-45.231646,200,2041.297522
-46.734077,200,2042.399114
2305.796471,200,2043.503338
-43.973819,200,2044.636823
-46.021781,200,2045.740929
-41.628986,200,2046.90717
123.48596,200,2048.078263
-45.047885,200,2049.226634
-42.521289,200,2050.323938
72.876836,200,2051.467791
2928.170866,200,2052.595448
-43.293532,200,2053.77202
-46.204741,200,2054.90795
-45.226671,200,2056.022093
-45.804396,200,2057.16494
-45.238765,200,2058.295086
-46.911918,200,2059.437867
-11.103141,200,2060.672983
312.259192,200,2061.845673
-42.016326,200,2063.079113
-43.656787,200,2064.236754
-44.724322,200,2065.372055
292.921333,200,2066.508188
-45.51943,200,2067.715437
331.517966,200,2068.864299
-44.922077,200,2070.099758
-46.655623,200,2071.336393
-44.411813,200,2072.537931
-46.798094,200,2073.73435
1065.918134,200,2074.879931
1087.290118,200,2076.093844
355.985769,200,2077.34912
-46.07712,200,2078.639046
-9.151419,200,2079.900281
-44.838248,200,2081.158678
-43.297701,200,2082.391868
272.165234,200,2083.64023
-48.785053,200,2084.843525
1547.697978,200,2085.981139
-43.556903,200,2087.133437
-45.688638,200,2088.296589
-48.456979,200,2089.469165
-47.943441,200,2090.598472
-42.398886,200,2091.764143
-43.289393,200,2092.927982
-42.465477,200,2094.096179
-38.388153,200,2095.217491
933.18939,200,2096.367334
-42.99973,200,2097.504454
-43.62291,200,2098.630891
-47.228753,200,2099.799075
-46.880503,200,2100.938014
-45.57852,200,2102.179944
-47.525391,200,2103.280153
-45.64531,200,2104.400092
-46.27076,200,2105.515376
-44.248593,200,2106.641637
-44.391025,200,2107.76334
1100.918844,200,2108.891627
240.132441,200,2109.992598
177.252721,200,2111.153364
-44.554115,200,2112.293215
-45.057841,200,2113.443783
-45.31288,200,2114.61837
-45.90673,200,2115.841307
-45.46963,200,2117.052179
226.830179,200,2118.367363
-44.220615,200,2119.535959
-44.433533,200,2120.775858
41.701967,200,2121.928147
-46.316893,200,2123.112679
-40.866418,200,2124.273995
1014.763102,200,2125.439912
-44.733183,200,2126.596701
-46.717663,200,2127.748171
-45.14606,200,2128.888832
-46.440395,200,2130.063108
-43.317331,200,2131.256384
-44.977773,200,2132.497971
-45.463609,200,2133.77281
-43.494241,200,2134.873128
-44.989343,200,2136.056687
-46.59353,200,2137.222302
290.283084,200,2138.359054
293.421436,200,2139.505737
147.955635,200,2140.649553
-40.945957,200,2141.817381
1209.986071,200,2142.960658
283.89687,200,2144.131112
-47.33387,200,2145.401959
-46.962159,200,2146.631112
-46.414863,200,2147.784423
-46.166516,200,2148.905865
-46.57991,200,2150.050057
-43.974177,200,2151.193871
-45.60458,200,2152.350097
-44.691586,200,2153.48537
-43.235388,200,2154.629084
-45.492565,200,2155.775598
-43.334898,200,2156.925459
-41.864327,200,2158.077895
-46.570616,200,2159.3432
-41.001551,200,2160.491161
-47.21096,200,2161.648739
-47.038803,200,2162.794157
946.957374,200,2163.933891
-46.333931,200,2165.092904
-42.988613,200,2166.274287
301.060353,200,2167.414605
-33.881981,200,2168.528376
-47.046811,200,2169.725974
-46.598881,200,2170.953857
-44.284963,200,2172.154984
-47.870849,200,2173.353341
20.367532,200,2174.522981
74.956958,200,2175.708116
-40.301908,200,2176.855665
38.623713,200,2178.049235
-46.758749,200,2179.26445
110.510881,200,2180.962724
-43.113305,200,2182.088351
-45.992793,200,2183.227894
-43.665569,200,2184.340826
-45.344143,200,2185.47483
1496.694327,200,2186.609087
-46.297628,200,2187.732131
-45.01291,200,2188.871375
-43.863381,200,2190.019608
-44.07214,200,2191.179167
-46.36073,200,2192.403492
-46.021153,200,2193.653311
-46.298232,200,2194.865418
253.546729,200,2196.002155
286.554648,200,2197.122636
277.203243,200,2198.242304
3114.276303,200,2199.365976
-45.397093,200,2200.509567
263.714179,200,2201.636658
-44.394653,200,2202.835446
-45.405397,200,2203.99495
-44.505831,200,2205.131954
-45.873672,200,2206.26894
218.168774,200,2207.436751
-46.466868,200,2208.594077
-43.557436,200,2209.734258
144.165031,200,2210.879024
252.496758,200,2212.027927
-47.097382,200,2213.249859
2350.72117,200,2214.399375
-44.966609,200,2215.605619
1208.571592,200,2216.746966
-47.556994,200,2217.91712
-36.221831,200,2219.060942
2275.325241,200,2220.197871
520.996804,200,2221.423575
-42.174849,200,2222.561461
-41.365702,200,2223.716819
263.579574,200,2224.868925
-44.323748,200,2226.080995
1621.83349,200,2227.238732
80.3904,200,2228.361119
153.413701,200,2229.495068
627.22939,200,2230.643419
144.55499,200,2231.791857
672.973385,200,2232.922568
467.240024,200,2234.081724
-47.583981,200,2235.23262
114.788509,200,2236.359564
-46.079454,200,2237.510998
-41.023367,200,2238.702314
2646.444082,200,2239.843895
368.075675,200,2240.980777
-46.26864,200,2242.098269
1331.452889,200,2243.227676
277.896031,200,2244.354073
11.110393,200,2245.490403
31.691889,200,2246.634005
116.949587,200,2247.76982
-43.374579,200,2248.897664
-41.270603,200,2250.132677
-45.795551,200,2251.272085
2270.232663,200,2252.402759
1461.497887,200,2253.56624
980.504779,200,2254.691739
253.643021,200,2255.850565
-45.060951,200,2257.011946
338.779218,200,2258.24976
2054.899117,200,2259.385652
1915.006448,200,2260.525495
-48.674478,200,2261.675815
-46.451414,200,2262.81509
735.834109,200,2263.959997
35.235672,200,2265.090704
-44.25762,200,2266.238857
-44.288996,200,2267.377296
-46.383975,200,2268.513759
-45.901743,200,2269.650908
2314.574371,200,2270.780645
-45.748304,200,2271.958713
-48.234971,200,2273.10312
-41.361737,200,2274.243704
-45.723395,200,2275.473876
-45.078005,200,2276.701442
-47.637175,200,2277.87218
-43.166894,200,2278.995119
107.925899,200,2280.151736
281.635781,200,2281.304965
2027.715518,200,2282.428826
-45.29801,200,2283.567879
0.865465,200,2284.730072
-46.318835,200,2285.969873
-46.367508,200,2287.195278
-45.796278,200,2288.368377
-41.579189,200,2289.576877
1173.23315,200,2290.75158
2203.929997,200,2291.884229
-46.023446,200,2293.03294
250.226695,200,2294.146297
-45.870129,200,2295.313433
1693.05225,200,2296.446133
1865.529672,200,2297.605631
-44.746495,200,2298.762815
-45.384559,200,2299.991266
-45.824423,200,2301.228491
-32.270095,200,2302.362316
-36.22335,200,2303.52588
-41.352045,200,2304.696405
-44.240185,200,2305.835035
405.455517,200,2306.979428
-42.117763,200,2308.106338
-43.940189,200,2309.347417
-45.629551,200,2310.567625
2122.790828,200,2311.710813
2377.876547,200,2312.854078
-45.481549,200,2314.078069
-39.405869,200,2315.215006
-42.049047,200,2316.445649
-48.405673,200,2317.601661
251.701612,200,2318.740013
-46.533942,200,2319.898477
2626.644196,200,2321.085129
1529.780607,200,2322.246425
-37.573117,200,2323.376269
-42.167058,200,2324.541324
-45.556698,200,2326.595475
-39.555833,200,2327.758059
-35.04814,200,2328.887601
-35.397834,200,2329.995867
-34.244473,200,2331.13517
-44.658191,200,2332.305726
-45.952089,200,2333.423668
76.821254,200,2334.66516
-45.538055,200,2336.048699
2441.072997,200,2337.22836
127.960577,200,2338.379531
-45.226064,200,2339.542835
293.018221,200,2340.680048
113.681815,200,2341.8263
1893.346468,200,2343.019238
-48.772211,200,2344.202627
-38.891476,200,2345.381159
287.054712,200,2346.576888
2975.55839,200,2347.742112
-45.793158,200,2349.032549
-48.845916,200,2350.181516
-45.806349,200,2351.399721
2295.455317,200,2352.561648
-46.390122,200,2353.706911
-48.329712,200,2354.860006
-47.320215,200,2356.142531
388.836777,200,2357.315778
3074.463069,200,2358.436216
83.515904,200,2359.571322
-46.971598,200,2360.752502
-42.907465,200,2361.900552
65.326191,200,2363.07718
-43.914314,200,2364.238629
-42.171679,200,2365.367691
-26.593802,200,2366.519239
2579.764192,200,2367.63867
3035.4692,200,2368.760193
69.249307,200,2369.93478
2077.392536,200,2371.079929
-48.146333,200,2372.278038
506.474909,200,2373.40213
-40.720417,200,2374.533448
-40.768249,200,2375.662087
-47.334376,200,2376.831826
1047.47524,200,2378.040659
-47.795205,200,2379.194314
-47.919442,200,2380.364267
1033.556413,200,2381.50976
-46.29036,200,2382.721154
-49.404077,200,2383.867373
3019.660405,200,2385.018859
2953.368154,200,2386.182741
2586.755022,200,2387.301688
469.455528,200,2388.451629
-47.915633,200,2389.581905
54.551776,200,2390.751234
2965.636522,200,2391.888501
-49.426289,200,2393.063861
-47.639092,200,2394.260972
3064.912797,200,2395.401866
-46.240189,200,2396.656956
1087.997035,200,2397.798139
-47.607179,200,2398.958647
-46.360917,200,2400.110725
661.681909,200,2401.346185
-48.267442,200,2402.523026
-46.897525,200,2403.65701
-46.825365,200,2404.800389
96.424124,200,2405.937901
570.371688,200,2407.11501
-46.921899,200,2408.400633
306.320909,200,2409.553118
293.541247,200,2410.714169
2365.077476,200,2411.845724
-48.309548,200,2412.999151
-48.543413,200,2414.18222
213.798903,200,2415.313179
-45.494593,200,2416.58223
311.530405,200,2417.72384
2194.361103,200,2418.9124
170.124627,200,2420.052823
-46.039027,200,2421.201337
-45.430375,200,2422.376436
556.175497,200,2423.542199
2604.023678,200,2424.664506
-46.969585,200,2425.824056
-46.234729,200,2427.064224
13.588403,200,2428.216264
2150.077515,200,2429.355297
284.334049,200,2430.514589
-35.548338,200,2431.675517
1201.042613,200,2432.891208
-45.46764,200,2434.027909
-45.678569,200,2435.312065
1700.966796,200,2436.455031
-43.444821,200,2437.594789
82.17039,200,2438.712396
-45.134739,200,2439.847822
-43.698021,200,2440.986182
982.265342,200,2442.159505
2804.672044,200,2443.301639
2536.903903,200,2444.480455
-45.885129,200,2445.637834
-36.829724,200,2446.772571
-42.186707,200,2447.927595
-44.629787,200,2449.076042
2423.652288,200,2450.221735
-48.820346,200,2451.405634
-35.237938,200,2452.518652
-47.941397,200,2453.688538
13.280453,200,2454.821808
-43.6643,200,2455.971165
115.189271,200,2457.119895
362.412027,200,2458.274344
1737.642584,200,2459.461468
1385.269309,200,2460.613071
-44.280773,200,2461.763899
102.936066,200,2462.929386
-46.533124,200,2464.14109
-44.868503,200,2465.280416
564.53235,200,2466.400184
2183.964723,200,2467.529124
-45.669321,200,2468.712573
-43.592426,200,2469.874182
-46.127708,200,2471.054828
22.265437,200,2472.875799
368.896408,200,2474.022451
-47.14329,200,2475.204231
-47.260142,200,2476.357774
-47.312294,200,2477.577607
-31.867566,200,2478.729764
2552.370367,200,2479.887468
-46.394329,200,2481.080549
-32.599886,200,2482.232543
-47.37113,200,2483.366466
-44.448357,200,2484.566613
-46.770625,200,2485.712163
-46.195403,200,2486.857233
1800.080188,200,2488.01464
-37.732727,200,2489.147932
-46.482253,200,2490.283939
334.579742,200,2491.417367
266.293771,200,2492.563848
118.911874,200,2493.737555
-46.18361,200,2494.884637
-47.049416,200,2496.022622
-36.87078,200,2497.163328
0.964554,200,2498.285255
-42.120387,200,2499.434069
-39.764413,200,2500.601393
1367.275816,200,2501.747621
-41.57358,200,2502.977604
1403.662141,200,2504.10857
-48.176837,200,2505.248667
-48.959875,200,2506.403574
2175.222429,200,2507.571457
-46.144901,200,2508.749334
1484.210426,200,2509.905912
262.268725,200,2511.04385
1341.490936,200,2512.193252
607.466916,200,2513.323748
-46.042048,200,2514.515052
-48.177699,200,2515.699429
2210.023369,200,2516.86009
-45.409886,200,2518.041578
-46.64443,200,2519.229779
1431.315178,200,2520.389729
-46.433916,200,2521.608303
-45.921764,200,2522.834264
1953.853728,200,2523.985904
-49.786184,200,2525.131147
-47.029919,200,2526.354212
-1.087773,200,2527.5435
2994.755822,200,2528.672547
-43.838312,200,2529.831225
147.433072,200,2530.991236
-45.259798,200,2532.106135
248.365649,200,2533.271858
-45.32198,200,2534.396544
-45.762841,200,2535.528665
1083.01664,200,2536.642214
-45.462219,200,2537.768482
-45.485107,200,2539.050867
79.967264,200,2540.210102
771.321878,200,2541.35086
-45.671735,200,2542.489628
2394.39998,200,2543.626019
1494.228875,200,2544.805747
-45.508409,200,2545.995113
295.252955,200,2547.191
1203.59606,200,2548.331347
959.222663,200,2549.468477
319.137009,200,2550.587462
193.804803,200,2551.833492
-46.979319,200,2553.083821
1252.421495,200,2554.207336
1151.753818,200,2555.354396
-47.754508,200,2556.533795
2676.412306,200,2557.670294
-46.734308,200,2558.820829
1705.531307,200,2559.974228
219.883648,200,2561.117626
-49.449464,200,2562.312364
64.828257,200,2563.503237
1183.746029,200,2564.656536
-41.954177,200,2565.88837
-27.782926,200,2567.034026
74.028543,200,2568.290916
-46.735676,200,2569.55635
-46.299855,200,2570.771407
-47.740519,200,2571.933728
-45.205102,200,2573.100549
-42.61498,200,2574.260569
-47.489241,200,2575.449884
1166.066133,200,2576.579766
79.833246,200,2577.738749
-45.062791,200,2578.907202
-46.149849,200,2580.154252
53.838769,200,2581.342109
1000.025062,200,2582.502272
-47.257787,200,2583.687665
-42.692191,200,2584.872568
-20.489836,200,2586.029072
-43.230049,200,2587.157416
3054.215298,200,2588.350035
2903.055069,200,2589.49328
2674.796132,200,2590.643402
2807.960065,200,2591.783284
2529.872876,200,2592.910445
-47.772354,200,2594.12158
3123.850665,200,2595.25492
-43.84815,200,2596.393347
-48.236124,200,2597.596887
1559.829169,200,2598.745346
-45.963369,200,2600.119073
1365.085799,200,2601.28389
309.500776,200,2602.515992
-43.326506,200,2603.686641
222.82985,200,2604.81698
-47.664502,200,2606.004285
-40.65255,200,2607.177078
1063.649861,200,2608.337686
-43.552742,200,2609.478872
-45.934083,200,2610.623089
-38.051412,200,2611.779795
358.398366,200,2612.928806
-45.468766,200,2614.10627
2676.4778,200,2615.308058
-43.926859,200,2616.496912
42.691167,200,2617.658586
-48.467709,200,2619.279239
-31.74607,200,2620.42174
1409.775406,200,2621.583887
164.081344,200,2622.761109
1912.004555,200,2623.914035
-38.631432,200,2625.054059
-43.128147,200,2626.203908
-45.538111,200,2627.376089
1564.840046,200,2628.566044
633.535078,200,2629.775388
301.914901,200,2631.101417
-35.995968,200,2632.243659
-46.638395,200,2633.385236
1556.055388,200,2634.582367
-43.766583,200,2635.744729
-37.257705,200,2636.919054
-42.807925,200,2638.112617
2627.532661,200,2639.264231
-37.965049,200,2640.391032
85.749493,200,2641.549342
-43.162367,200,2642.699908
251.052692,200,2643.871998
-48.557663,200,2645.049435
117.561061,200,2646.16709
1072.007388,200,2647.303791
-46.916623,200,2648.533326
-47.055131,200,2649.671975
-48.496811,200,2650.864953
1062.545858,200,2652.007858
298.627745,200,2653.250356
669.673853,200,2654.406003
812.412884,200,2655.581261
49.989058,200,2656.74884
-47.260616,200,2657.904666
-48.631871,200,2659.060243
2826.22009,200,2660.214927
-45.860651,200,2661.387084
-37.160023,200,2662.554492
-48.469352,200,2663.700478
2477.1335,200,2664.859757
-45.203744,200,2666.242949
-46.397502,200,2667.400428
633.335865,200,2668.546077
812.924603,200,2669.706029
431.117303,200,2670.851964
-46.199067,200,2672.029828
318.540889,200,2673.155743
-45.763974,200,2674.284338
848.112431,200,2675.442802
-46.022695,200,2676.630116
-26.642564,200,2677.753169
1677.178707,200,2678.894897
-49.86851,200,2680.061717
15.443842,200,2681.226453
1558.747267,200,2682.365988
872.760094,200,2683.532428
-44.005085,200,2684.68497
41.425068,200,2685.847211
-47.63768,200,2687.042466
-46.342298,200,2688.270961
2605.610419,200,2689.430367
2356.906207,200,2690.59425
-46.840292,200,2691.767966
2609.244759,200,2692.916128
-45.965052,200,2694.169082
1963.315422,200,2695.315463
2926.936905,200,2696.491022
-44.213452,200,2697.609032
269.190585,200,2698.700493
2251.297896,200,2699.804691
178.38425,200,2700.902902
-43.105471,200,2702.090069
-45.825448,200,2703.27678
1736.397641,200,2704.438693
2497.809212,200,2705.607916
-48.333194,200,2706.759638
-46.675744,200,2707.939564
-45.533797,200,2709.112475
-47.900602,200,2710.288115
-47.222128,200,2711.464399
-47.493658,200,2712.631219
-47.826468,200,2713.831843
-47.460667,200,2715.059137
1730.515339,200,2716.203886
-48.766327,200,2717.369216
1337.369871,200,2718.538618
-43.059373,200,2719.746696
-47.144856,200,2720.982925
1276.813154,200,2722.139469
-44.780606,200,2723.335733
-46.510378,200,2724.497777
236.697759,200,2725.663793
1777.319884,200,2726.805196
-48.385938,200,2728.006529
1305.164781,200,2729.167933
1947.14808,200,2730.311521
-45.374043,200,2731.563899
-46.523205,200,2732.724148
16.702451,200,2733.891248
162.18965,200,2735.056707
-46.872968,200,2736.216778
-46.435242,200,2737.407498
1489.32133,200,2738.525916
1945.622664,200,2739.70701
23.998409,200,2740.87372
-44.005637,200,2742.076433
51.327826,200,2743.245939
-48.380504,200,2744.392521
31.10682,200,2745.535514
375.840602,200,2746.743936
373.035857,200,2747.981453
-47.004025,200,2749.188214
-45.848789,200,2750.432545
-46.115914,200,2751.691086
-46.107952,200,2752.83973
2583.542771,200,2753.998002
-48.52431,200,2755.178934
2941.417566,200,2756.349317
16.411588,200,2757.498599
19.630417,200,2758.66763
1820.167667,200,2759.841827
527.243911,200,2761.00483
-20.651692,200,2762.163404
-47.451885,200,2763.326439
0.261929,200,2764.513233
303.714567,200,2766.182864
-46.663476,200,2767.361678
-25.837501,200,2768.51302
2945.641343,200,2769.667014
3010.712534,200,2770.809852
778.55047,200,2771.976158
-47.299796,200,2773.123781
-45.606382,200,2774.373733
-45.384832,200,2775.587284
2091.081995,200,2776.741067
1554.452318,200,2777.890373
224.881284,200,2779.046359
381.519208,200,2780.220077
-44.640151,200,2781.397593
-47.552558,200,2782.642798
-30.478996,200,2783.905297
-47.620928,200,2785.112797
243.836297,200,2786.288032
-46.544233,200,2787.432138
373.651422,200,2788.602584
1917.202956,200,2789.787265
-28.920163,200,2790.973612
2213.049108,200,2792.130789
-40.249136,200,2793.330588
-41.799319,200,2794.529395
1736.831775,200,2795.71763
27.074593,200,2796.924452
2630.873521,200,2798.098087
-46.36742,200,2799.304164
-47.661028,200,2800.504355
-41.26265,200,2801.643935
1566.340354,200,2802.803163
-42.052661,200,2803.975521
-45.796966,200,2805.137308
-45.363515,200,2806.415958
2544.994447,200,2807.569429
-45.374422,200,2808.807225
-45.145567,200,2809.964903
2728.479863,200,2811.089072
192.751655,200,2812.234619
-45.600151,200,2813.457607
-46.057111,200,2814.767416
-45.727314,200,2815.905398
-47.187494,200,2817.056343
-46.703255,200,2818.299921
253.471113,200,2819.47061
-44.641272,200,2820.658929
2977.645263,200,2821.852407
-41.513192,200,2823.039455
-41.664746,200,2824.359015
275.616952,200,2825.547964
-48.130863,200,2826.812363
-44.976941,200,2827.97503
1158.197304,200,2829.141175
120.911755,200,2830.350002
898.129416,200,2831.510335
-44.610235,200,2832.668317
-41.65358,200,2833.790458
2947.492599,200,2834.925108
-46.555294,200,2836.117927
-45.84407,200,2837.523121
2421.314877,200,2838.684973
303.306593,200,2839.883369
-42.728619,200,2841.081891
2550.994531,200,2842.240283
2079.080768,200,2843.384619
2417.806639,200,2844.523004
-43.542382,200,2845.671961
2678.514798,200,2846.851474
-42.473371,200,2847.983504
-45.844894,200,2849.123096
2336.381913,200,2850.244872
1697.830859,200,2851.37741
-46.863377,200,2852.56627
-44.917777,200,2853.715877
520.883076,200,2854.886095
-39.910633,200,2856.217479
2207.58805,200,2857.375654
2651.773223,200,2858.502552
-46.79053,200,2859.749611
-16.913511,200,2860.914826
31.350147,200,2862.106733
1589.760381,200,2863.266753
-46.663583,200,2864.463985
-47.10076,200,2865.647109
130.378422,200,2866.852372
-44.853873,200,2868.050325
-46.594425,200,2869.20158
2789.145171,200,2870.349148
-47.518532,200,2871.546851
1823.022223,200,2872.736491
2920.824985,200,2873.886739
949.553134,200,2875.031269
2656.957867,200,2876.207363
204.760991,200,2877.368383
-44.405085,200,2878.522158
-46.770829,200,2879.676257
370.494592,200,2880.860394
59.447781,200,2882.020019
122.428014,200,2883.179181
318.715224,200,2884.319859
-49.313132,200,2885.505994
-46.512227,200,2886.662347
-45.002228,200,2887.832615
-45.907823,200,2889.002666
-16.684837,200,2890.187199
-45.058113,200,2891.457533
130.199041,200,2892.632633
-34.97444,200,2893.821895
-48.367692,200,2894.981055
-44.623283,200,2896.168268
-43.545165,200,2897.413461
2359.598195,200,2898.551736
2142.116748,200,2899.707953
63.676834,200,2900.868649
1521.18408,200,2902.007088
2632.317137,200,2903.140298
-45.169983,200,2904.350387
2649.697907,200,2905.497915
2747.177427,200,2906.655808
2564.784137,200,2907.786025
2962.367603,200,2908.922346
3130.446799,200,2910.102716
1187.866077,200,2911.258824
198.352822,200,2912.418048
290.245991,200,2914.071541
-2.305686,200,2915.272765
-47.922299,200,2916.443509
-25.706262,200,2917.59119
2002.635272,200,2918.736371
-1.349976,200,2919.916668
265.258477,200,2921.051636
3156.684988,200,2922.230629
-44.19504,200,2923.389981
2410.411218,200,2924.546914
-40.105839,200,2925.714141
-47.058376,200,2926.927929
-44.814961,200,2928.099308
1147.911885,200,2929.251589
3175.420534,200,2930.416743
1784.986336,200,2931.566269
2709.020288,200,2932.734025
294.802634,200,2933.915727
2761.830204,200,2935.061459
-42.549713,200,2936.234608
2185.762286,200,2937.385469
-32.117786,200,2938.529135
-35.325372,200,2939.680579
296.825391,200,2940.910979
-49.12052,200,2942.100127
-47.958952,200,2943.305298
-47.104875,200,2944.502427
-47.783131,200,2945.714533
63.952587,200,2946.895285
-47.12616,200,2948.104024
1538.011449,200,2949.240457
2618.202718,200,2950.395463
265.209272,200,2951.719645
328.020577,200,2952.889921
-45.66533,200,2954.209535
-47.218356,200,2955.426978
403.198051,200,2956.628518
-47.803638,200,2957.803004
1572.886654,200,2958.954341
155.434083,200,2960.107177
2156.622111,200,2961.265149
-47.819075,200,2962.421848
918.298767,200,2963.583055
1580.148083,200,2964.717257
307.663749,200,2965.848442
154.75545,200,2966.983224
1895.25589,200,2968.117257
-40.958747,200,2969.389319
156.384945,200,2970.539023
2722.244942,200,2971.689079
437.600515,200,2972.843115
63.646418,200,2974.012644
-42.739092,200,2975.178039
-36.218052,200,2976.357812
-45.928453,200,2977.517199
-45.862676,200,2978.725966
565.022954,200,2979.897496
-47.308957,200,2981.10504
-42.55845,200,2982.239634
2702.346744,200,2983.371998
83.920235,200,2984.516749
188.471819,200,2985.679291
120.781986,200,2986.848744
594.705464,200,2988.013647
670.895097,200,2989.137584
2095.186183,200,2990.299813
-37.927058,200,2991.470916
2379.715498,200,2992.587023
1732.576942,200,2993.729721
-44.628288,200,2994.885004
2520.119967,200,2996.02688
-46.799425,200,2997.239982
617.040738,200,2998.410119
-45.240626,200,2999.593794
-44.073055,200,3000.782741
-44.72681,200,3001.977454
-43.94303,200,3003.109408
1918.665229,200,3004.283576
-38.959884,200,3005.42546
-31.212156,200,3006.57029
-36.323451,200,3007.744616
2624.618498,200,3008.897152
-44.138664,200,3010.059103
-47.514899,200,3011.218797
-44.615476,200,3012.35783
-46.7107,200,3013.57023
2159.25171,200,3014.720328
2340.213085,200,3015.890901
1733.212183,200,3017.116898
2055.750168,200,3018.266962
-47.95596,200,3019.40066
62.195294,200,3020.602794
-43.949762,200,3021.749196
881.235919,200,3022.925758
1573.707882,200,3024.058882
111.45401,200,3025.228479
141.405234,200,3026.351432
-46.545054,200,3027.564611
2436.8652,200,3028.728168
-47.102888,200,3029.912568
183.465685,200,3031.067869
-47.471927,200,3032.221561
2138.652802,200,3033.375652
1423.533891,200,3034.515215
-46.210152,200,3035.663181
268.239331,200,3036.850166
-48.613582,200,3037.999911
-38.309607,200,3039.123513
-47.857138,200,3040.285847
2355.540479,200,3041.43975
264.738618,200,3042.598137
-45.568294,200,3043.746614
715.009409,200,3044.891632
-46.883072,200,3046.035259
-46.047194,200,3047.370822
1076.283491,200,3048.577344
-16.276347,200,3049.811689
-46.696599,200,3051.044756
1445.41333,200,3052.185228
1023.936606,200,3053.41506
1082.272048,200,3054.572938
279.298645,200,3055.842925
-47.61444,200,3057.014048
2187.931558,200,3058.156622
1570.148635,200,3059.287871
-47.202303,200,3060.98241
160.80643,200,3062.160019
-45.622551,200,3063.494511
67.598696,200,3064.835783
2011.825119,200,3066.183721
173.200686,200,3067.513911
616.556092,200,3068.832421
-46.023217,200,3070.165749
271.74518,200,3071.493667
-26.649993,200,3072.818128
2184.014237,200,3074.13955
3239.392709,200,3075.462294
2175.735597,200,3076.806047
265.536451,200,3078.289228
259.717493,200,3079.677634
-40.977449,200,3081.020049
1944.18754,200,3082.355885
-46.251884,200,3083.733028
-13.896013,200,3085.061993
-46.674294,200,3086.375483
67.050619,200,3087.694381
-44.752489,200,3089.021305
3064.956305,200,3090.365685
1073.575384,200,3091.682631
-46.357891,200,3093.0036
235.42886,200,3094.361775
2351.944063,200,3095.710028
911.009324,200,3097.045362
1993.493128,200,3098.411029
-46.50497,200,3099.731786
794.909051,200,3101.114505
-45.377647,200,3102.547778
-47.244213,200,3103.917961
1927.350858,200,3105.247527
1105.921095,200,3106.638729
-46.08258,200,3108.047531
1739.609563,200,3109.392935
-18.819226,200,3110.747265
586.730466,200,3112.069854
62.62976,200,3113.394174
-48.386723,200,3114.725107
-47.503752,200,3116.068299
1429.492154,200,3117.411559
-45.734457,200,3118.730358
2606.382183,200,3120.093318
428.974811,200,3121.467112
-45.608505,200,3122.803016
-45.867846,200,3124.128361
-26.109996,200,3125.453335
2373.613613,200,3126.795121
839.498285,200,3128.174057
198.057105,200,3129.647986
1250.813933,200,3130.97719
-44.755105,200,3132.324328
10.027456,200,3133.669239
-45.958606,200,3135.01196
-47.074075,200,3136.319991
2145.014384,200,3137.641802
-42.146702,200,3138.988576
35.506687,200,3140.317456
-45.827303,200,3141.664193
-46.054303,200,3142.995722
-34.302975,200,3144.348824
2.393478,200,3145.737748
173.996472,200,3147.176764
-43.922528,200,3148.498322
3053.118345,200,3149.829879
2099.634152,200,3151.154002
1033.357917,200,3152.468679
323.47408,200,3153.796449
2156.083091,200,3155.11963
-48.374753,200,3156.5246
346.212912,200,3157.855696
-44.847086,200,3159.178936
-44.79599,200,3160.489693
1800.164419,200,3161.8408
-47.235596,200,3163.173533
3053.892688,200,3164.485239
923.0331,200,3165.826629
2658.987246,200,3167.130202
1942.176553,200,3168.451286
-47.844238,200,3169.856697
2780.809234,200,3171.195146
2400.703473,200,3172.521105
523.027748,200,3173.850184
1520.248038,200,3175.163427
-45.103061,200,3176.56782
-45.905373,200,3177.884982
2649.900782,200,3179.199534
2766.566994,200,3180.527226
1596.212967,200,3181.832219
763.90739,200,3183.164543
51.691472,200,3184.480071
7.233513,200,3185.804397
202.875746,200,3187.131479
1599.26532,200,3188.486233
1217.522884,200,3189.839892
-38.961094,200,3191.217895
274.172629,200,3192.510266
292.358569,200,3193.796734
2788.640699,200,3195.082256
69.299685,200,3196.371276
118.776339,200,3197.742334
305.318502,200,3199.046193
2805.412068,200,3200.37757
1402.114337,200,3201.714826
2319.322392,200,3203.055452
-44.878588,200,3204.526617
-34.629174,200,3205.87572
2244.284081,200,3207.218413
-46.556314,200,3208.584783
-45.535551,200,3210.027454
-46.024107,200,3211.337703
-46.344865,200,3212.711637
324.537573,200,3214.129809
141.091864,200,3215.465458
2900.224724,200,3216.788656
-46.854992,200,3218.104897
-47.26887,200,3219.43093
37.837342,200,3220.764591
-47.211114,200,3222.189831
-44.067689,200,3223.502123
2393.272193,200,3224.784372
-46.860869,200,3226.173532
34.295748,200,3227.520004
-46.758607,200,3229.440665
395.253438,200,3230.785451
-46.940191,200,3232.193936
-45.516568,200,3233.656668
-45.139784,200,3235.05763
-45.321937,200,3236.50475
-45.705677,200,3237.933014
1527.583662,200,3239.259448
-39.663181,200,3240.573685
-46.273405,200,3241.98881
-45.197672,200,3243.431294
-47.269036,200,3244.725371
451.664027,200,3245.911503
2555.358829,200,3247.068352
-36.140217,200,3248.190471
2732.059125,200,3249.389033
292.431219,200,3250.535927
-38.430328,200,3251.630002
-46.202029,200,3252.861803
2307.678501,200,3254.017526
-48.019612,200,3255.247521
-46.319472,200,3256.412841
2454.824682,200,3257.544186
226.535256,200,3258.678829
1115.685913,200,3259.854463
141.300621,200,3260.973689
-44.938179,200,3262.217727
197.646664,200,3263.466854
2106.525837,200,3264.630426
25.081953,200,3265.789572
-45.36867,200,3267.074419
3.352244,200,3268.306182
251.98908,200,3269.558384
2612.49809,200,3270.717104
274.489702,200,3271.862594
1456.57077,200,3273.026641
-45.092062,200,3274.205774
110.675024,200,3275.385291
153.612243,200,3276.583461
733.400044,200,3277.72478
556.798369,200,3278.847374
-45.822182,200,3280.064149
253.275826,200,3281.176855
1837.062459,200,3282.291139
-44.916019,200,3283.454772
-1.065179,200,3284.595347
57.884478,200,3285.773321
-45.975934,200,3286.948097
-47.06532,200,3288.143223
-48.868475,200,3289.270397
-46.474106,200,3290.387958
-46.828189,200,3291.593244
3140.193193,200,3292.698487
1315.905288,200,3293.877099
1499.555203,200,3295.016788
94.113014,200,3296.213252
123.794763,200,3297.390795
224.995017,200,3298.570937
-48.196881,200,3299.731096
-47.644439,200,3300.914834
153.780322,200,3302.114367
-45.418025,200,3303.356439
1625.740531,200,3304.497124
-46.116522,200,3305.726845
-46.033825,200,3306.989718
-45.72778,200,3308.299123
1501.038483,200,3309.487951
-45.055614,200,3310.670637
719.187197,200,3311.8348
2937.971336,200,3312.998678
2107.665775,200,3314.191492
1968.855417,200,3315.372984
144.204188,200,3316.546145
17.723221,200,3317.706579
-50.414693,200,3318.939542
778.677224,200,3320.237554
765.050508,200,3321.564507
2374.920096,200,3322.799485
639.490954,200,3324.048568
-5.623948,200,3325.294743
453.937947,200,3326.528126
1655.084578,200,3327.825463
-45.246315,200,3329.255072
-45.114343,200,3330.645346
-46.760068,200,3331.974286
3218.355059,200,3333.199867
2874.58789,200,3334.439079
-46.734572,200,3335.766826
-47.609141,200,3337.048542
2422.567122,200,3338.265181
2577.946075,200,3339.477739
-44.721098,200,3340.714159
2588.503721,200,3342.030277
295.952063,200,3343.30133
6.677259,200,3344.56216
-37.70427,200,3345.82073
2738.501686,200,3347.081563
176.788256,200,3348.372491
-45.780584,200,3349.6436
2429.915833,200,3350.931528
-15.567318,200,3352.201552
-38.779158,200,3353.463359
1023.901351,200,3354.756535
-35.953812,200,3355.995607
106.833109,200,3357.221571
-47.590065,200,3358.433979
2451.865113,200,3359.651353
2245.696027,200,3360.892522
2680.607769,200,3362.121163
1742.466163,200,3363.33874
120.265172,200,3364.581583
496.419554,200,3365.851619
-43.963487,200,3367.087941
88.103089,200,3368.29739
1559.725935,200,3369.531593
2456.755179,200,3370.817612
38.810542,200,3372.118185
2616.763335,200,3373.411573
169.757461,200,3374.683383
-46.029351,200,3375.981916
-44.85499,200,3377.227836
1703.377003,200,3378.434947
1713.225225,200,3379.652518
2636.961453,200,3380.893883
2801.35154,200,3382.053596
290.174459,200,3383.724019
2875.89729,200,3384.902815
1488.332395,200,3386.146341
1971.514204,200,3387.365508
2312.355561,200,3388.554305
2422.468413,200,3389.761789
1804.354259,200,3391.01293
786.368525,200,3392.220704
1301.010784,200,3393.534841
3199.832202,200,3394.740964
1437.333959,200,3395.955673
2436.605253,200,3397.205532
2634.087813,200,3398.429811
2648.518772,200,3399.663614
2389.255991,200,3400.964926
1695.738268,200,3402.269
1107.161829,200,3403.627322
1699.810169,200,3404.931958
2646.001523,200,3406.255556
-45.804871,200,3407.572717
-43.868783,200,3409.009083
2576.711238,200,3410.305384
550.810257,200,3411.631607
-43.319021,200,3413.017575
1638.794604,200,3414.295594
1191.767389,200,3415.598913
2348.300462,200,3416.875208
2213.678345,200,3418.162044
903.6673,200,3419.448759
818.826471,200,3420.812703
3137.623205,200,3422.099835
-44.746282,200,3423.391689
2363.466759,200,3424.694737
1111.463404,200,3425.979295
1835.21852,200,3427.27332
2570.391804,200,3428.579743
1988.507146,200,3429.888188
2124.99849,200,3431.202872
3059.817081,200,3432.528075
-43.758223,200,3433.943811
2614.213469,200,3435.225182
21.02956,200,3436.526134
2570.115387,200,3437.799669
2525.859677,200,3439.098845
2118.988743,200,3440.376634
1252.486601,200,3441.704342
-44.459067,200,3443.138743
599.415061,200,3444.440391
162.981014,200,3445.721417
890.283384,200,3446.998731
265.663626,200,3448.278518
418.450152,200,3449.56738
2339.126179,200,3450.844517
1176.475246,200,3452.1226
115.997539,200,3453.421033
3016.449767,200,3454.68855
-47.583793,200,3455.96876
259.079764,200,3457.237127
-13.68544,200,3458.523485
90.292361,200,3459.822488
468.241782,200,3461.109568
-45.313812,200,3462.464772
68.005424,200,3463.745712
-17.980858,200,3465.022134
2634.843343,200,3466.349362
617.960794,200,3467.631415
2414.905123,200,3468.916073
2287.111348,200,3470.192248
1083.286177,200,3471.453081
2608.457484,200,3472.748033
2778.499535,200,3474.031886
2843.849985,200,3475.347309
277.707589,200,3476.66167
2587.579134,200,3478.007369
-45.765362,200,3479.385868
2633.731629,200,3480.730754
572.721857,200,3482.060016
2738.092142,200,3483.389828
1693.001785,200,3484.729972
2681.704869,200,3486.067414
1922.361151,200,3487.401366
-47.46277,200,3488.728601
-45.223984,200,3490.051526
-44.029985,200,3491.451702
-46.158413,200,3492.78097
2529.151229,200,3494.122071
2648.996186,200,3495.453203
2226.909961,200,3496.783448
2334.424171,200,3498.12648
1537.260571,200,3499.526031
-39.683275,200,3500.881732
1281.256291,200,3502.229365
927.292356,200,3503.561362
597.406251,200,3504.950581
-46.270147,200,3506.281641
7.877655,200,3507.601707
-46.501971,200,3508.915196
54.388412,200,3510.25847
1274.374062,200,3511.579681
1537.853739,200,3512.962218
2486.573582,200,3514.291098
706.4192,200,3515.622516
1400.212397,200,3517.034335
-45.869236,200,3518.356898
274.809539,200,3519.683931
2618.663942,200,3521.009137
319.607186,200,3522.339531
2548.118076,200,3523.658968
178.538601,200,3525.062893
1939.600694,200,3526.413353
2105.626501,200,3527.746123
121.040466,200,3529.133531
770.77128,200,3530.475726
-36.776239,200,3531.811198
-44.593948,200,3533.248022
2731.198295,200,3534.588732
1271.318714,200,3535.902269
2782.483143,200,3537.207725
1759.56275,200,3538.548759
-47.551488,200,3539.881677
176.804876,200,3541.239734
164.517082,200,3542.6265
21.66388,200,3543.953359
2983.711389,200,3545.260572
1659.923234,200,3546.574002
1512.451371,200,3548.307181
1245.282737,200,3549.623993
2680.831554,200,3550.946172
-43.398689,200,3552.259021
-43.862784,200,3553.626527
314.326654,200,3554.999407
2256.181339,200,3556.314312
1741.724379,200,3557.633191
302.610314,200,3559.014031
307.229648,200,3560.377406
2424.554831,200,3561.686154
-44.769708,200,3563.021918
1255.822133,200,3564.326278
2961.239568,200,3565.628146
1330.430429,200,3566.942886
237.550196,200,3568.247954
126.370546,200,3569.568678
2549.314243,200,3570.8754
442.297192,200,3572.2448
2624.832601,200,3573.550892
-47.296662,200,3574.879241
728.026253,200,3576.175536
2492.268028,200,3577.485571
2513.129187,200,3578.791739
1216.790767,200,3580.079578
-47.307173,200,3581.385241
-46.485076,200,3582.697319
-33.187957,200,3584.013233
-43.317183,200,3585.336514
3034.676815,200,3586.663393
-32.522469,200,3587.966403
-43.490218,200,3589.288454
865.307558,200,3590.581293
-37.171518,200,3591.886518
270.586528,200,3593.208091
-45.482761,200,3594.527842
2440.661576,200,3595.863547
2543.008532,200,3597.156938
-45.814567,200,3598.552962
3067.337343,200,3599.886775
2529.720136,200,3601.215219
2597.50452,200,3602.54134
2091.211466,200,3603.846723
2464.143107,200,3605.169968
2187.613749,200,3606.488396
-46.410095,200,3607.794476
2765.380423,200,3609.144334
1380.42697,200,3610.467614
-45.777337,200,3611.856812
2605.023611,200,3613.17329
2553.687275,200,3614.467381
-44.660877,200,3615.891553
36.542325,200,3617.193449
1644.573651,200,3618.49559
1146.548517,200,3619.799657
866.27449,200,3621.103403
2516.764833,200,3622.422539
2572.228587,200,3623.735882
65.346599,200,3625.050194
-46.16175,200,3626.359888
157.340169,200,3627.659316
2731.393094,200,3628.993651
2317.94906,200,3630.303698
1126.176164,200,3631.620588
2464.067054,200,3632.922292
2184.990072,200,3634.244595
-8.851735,200,3635.560329
-45.533117,200,3636.890918
-40.131827,200,3638.184881
3073.962877,200,3639.483842
1657.389323,200,3640.784834
455.372403,200,3642.082083
1946.752714,200,3643.382921
2737.514741,200,3644.675403
3083.229936,200,3645.967321
327.906018,200,3647.240781
-45.165931,200,3648.544306
2952.000636,200,3649.837353
1546.064299,200,3651.180921
1793.396195,200,3652.513789
1561.170626,200,3653.853603
-47.769375,200,3655.145127
-50.228485,200,3656.462742
199.379007,200,3657.766016
-45.52522,200,3659.073553
1759.729201,200,3660.352617
1473.71102,200,3661.691543
2649.191144,200,3663.014863
319.115395,200,3664.295127
307.83333,200,3665.566232
282.143693,200,3666.858324
61.241282,200,3668.164493
1227.223302,200,3669.449803
29.281024,200,3670.742999
2201.952973,200,3672.053996
2550.911343,200,3673.347633
2699.596445,200,3674.65313
2495.83554,200,3675.922345
853.769649,200,3677.221205
2597.262419,200,3678.541204
2406.518122,200,3679.831039
726.062606,200,3681.111875
1912.532247,200,3682.437278
123.218307,200,3683.73744
360.035658,200,3685.033391
-45.272845,200,3686.324039
1058.922225,200,3687.626206
2173.249699,200,3688.952642
2518.063824,200,3690.253577
377.91463,200,3691.623726
296.058242,200,3692.937374
1143.278591,200,3694.249503
1620.803786,200,3695.572075
-41.867183,200,3696.965251
-24.62939,200,3698.289315
-45.675243,200,3699.677081
2320.004813,200,3701.007665
2090.373292,200,3702.330901
950.385023,200,3703.639305
2441.847634,200,3704.98723
1484.968333,200,3706.320709
-47.362577,200,3707.724316
-47.041042,200,3709.173436
2445.017245,200,3710.490906
-42.781343,200,3711.831392
